targetID,row,col,reward,penalty
1,5,35,0.4275954612646729,-0.3519677768637462
2,5,36,0.3257671527722262,0.16781428301580825
3,5,37,0.41652168949791024,0.31309835965649313
4,5,81,0.08835861637672686,-0.0022399920711282384
5,5,82,0.48282693336318894,-0.36266083277935757
6,5,103,0.44634715140605086,0.08168688175140448
7,5,104,0.22908467091447715,-0.2762786194486938
8,5,105,-0.14090253547112877,-0.14873426815512458
9,5,227,0.33752472605577666,0.19062783718195353
10,5,228,0.21531247558765876,-0.1407009273149739
11,5,229,0.4140644453274055,0.3483656936522783
12,5,238,0.49636160311523964,0.3864752741310842
13,5,239,0.27699443915266275,-0.4732389658639452
14,6,34,0.39364310535473906,0.36711564153799714
15,6,37,-0.3924131940227454,-0.40236152498874855
16,6,83,0.26831949731928734,0.07433430923243434
17,6,227,0.12491524029146078,-0.3505128020728986
18,7,35,0.19183877236740093,0.10393012354113706
19,7,36,0.4123147289687014,0.30464453753642806
20,7,84,-0.24748412378321527,-0.45919423639081647
21,7,101,-0.39120440428452496,-0.4190078102894853
22,8,33,0.44373765531422216,0.31051561861931454
23,8,34,0.4452773280561322,0.3848132183294014
24,8,37,0.4728896157217259,0.0036192946408597493
25,8,85,0.32992363645004164,0.2067742489288622
26,8,101,0.4468196088789466,0.04321387948431343
27,9,32,0.387949892672761,-0.02371859866476722
28,9,35,-0.1542153285477683,-0.35288957600856463
29,9,36,0.38666431329214435,0.3704614510943146
30,9,37,0.40463508173324914,0.3505400010831541
31,9,86,0.23080873627201465,0.14126465293148882
32,9,100,0.4945701465810588,-0.2908716039649163
33,9,101,0.4044193076396811,0.29412866709897434
34,10,17,0.09668539308431437,0.035198323077522575
35,10,32,0.45740718745998504,0.41358071779104155
36,10,38,0.11116370655020619,-0.49286168927198676
37,10,39,0.4531398601807837,0.411617573389098
38,10,87,0.24409591125058056,0.13100497095287156
39,10,99,0.43587953375205096,0.40578219946253946
40,10,102,0.20486877088708944,-0.007998289424296201
41,11,16,-0.024611434266021193,-0.38585479473980705
42,11,18,0.35042858093352514,0.23131397395873854
43,11,19,-0.03489644722720314,-0.39858109624152177
44,11,20,0.3560550937706811,0.06412564509411733
45,11,21,0.3700532624448531,0.22321579337736686
46,11,22,0.49314288463031364,0.41059091217258914
47,11,23,0.41247135615283104,-0.4460122186947948
48,11,31,-0.24150465969430274,-0.2795359095013319
49,11,32,0.30303989469815146,0.1960917488474242
50,11,33,0.311980432956711,-0.07643856785392777
51,11,88,0.3531350356371104,0.2112770853716256
52,11,99,-0.2725472948130311,-0.4786601984751289
53,12,16,0.3385088421069964,0.18656899095046975
54,12,24,0.48185007197101304,0.2699464251491879
55,12,30,0.22823639191079478,0.20090292659911446
56,12,33,0.4039585012085089,0.2912070458058349
57,12,89,-0.1385446119475253,-0.3720592134138451
58,12,95,0.37680249055851817,0.34774350076472615
59,12,96,0.4615014588770382,0.4022343944184802
60,12,97,0.17437577152255085,-0.2644794818566384
61,12,98,0.4061408895179444,0.3683870661003691
62,12,100,0.4821467791980106,0.43618307865175276
63,13,15,0.38702328755951865,0.20193961744753752
64,13,18,0.02953014232479992,-0.12875058241977327
65,13,19,0.3034017251439327,-0.2665812857348271
66,13,24,0.4148206620501754,0.2901501827967674
67,13,31,0.4042910163669962,0.07514609550891249
68,13,32,0.45826374912512624,0.04524393862496323
69,13,33,-0.041897861190634655,-0.35417033962744404
70,13,90,0.31645411593199,0.28737251283664345
71,13,94,0.46951465517791274,-0.1828286977592805
72,13,99,0.4984550799509309,-0.14464099957173765
73,13,100,0.14226690211909954,-0.13831218313292398
74,13,240,-0.04271376986771175,-0.49287596326631367
75,14,15,0.44948065054068115,0.023280839551581
76,14,18,0.49759602818603244,0.4391983867964816
77,14,20,0.22505382574397703,0.20675665554719214
78,14,21,0.0778829809315818,-0.021898022380215987
79,14,22,0.07837344338335839,-0.3685794405699093
80,14,23,0.2504993546340663,0.1846165273957303
81,14,33,0.44176042214603733,0.4373809154057785
82,14,94,0.27449141747773936,-0.08837889274121696
83,14,235,0.40743064912255955,-1.300528570447046e-05
84,14,236,0.03362586015471636,-0.18883906984337062
85,14,237,0.2648938672169898,-0.12177494081639678
86,14,239,0.4977329515508997,-0.2519516214559204
87,14,241,0.32204338211040506,0.18766735619572394
88,14,244,0.4001011648584227,0.39289533121622544
89,15,14,-0.07352763777463467,-0.3393287035077355
90,15,18,0.4702485923270551,0.3881733506500348
91,15,33,-0.07818432388133056,-0.351540512803043
92,15,89,0.11044012315796818,0.029796011855016014
93,15,94,-0.22047851022046977,-0.3803353244451865
94,15,235,-0.21367973862953016,-0.23878885448031723
95,15,236,0.48188233335998343,0.4339144693485312
96,15,238,0.4260034786165457,-0.1863073990326684
97,15,242,0.4856479832801565,-0.17514309394035282
98,15,243,0.1302212357687933,-0.46491151036868006
99,16,15,0.4097699512420787,0.3122962669083069
100,16,19,0.29618221622309754,-0.06783830309367972
101,16,20,0.44356250415794335,0.2878644440805084
102,16,34,0.4277989235211949,0.3749755156725655
103,16,35,0.18480985110078418,-0.3081756996004819
104,16,89,0.48526654394896673,0.44523833897017695
105,16,94,-0.17090054530778284,-0.38150084340037016
106,16,237,0.2817755385773267,-0.19397110521496858
107,16,238,0.34511161627519304,0.15533899871743084
108,16,239,0.46679001482568155,0.025499954070374975
109,16,240,0.42879825543081246,0.31639113852152223
110,16,241,0.11422832978298281,-0.37553847490223446
111,16,242,0.1797668576001915,0.02269430479822776
112,16,244,0.2038082330401047,0.10249611176551232
113,17,14,0.0844469485676555,-0.26035152236013615
114,17,16,0.2957572911367659,-0.20029351638288878
115,17,21,-0.02482057748552955,-0.05848482727499199
116,17,36,0.4533337508857498,0.3221701567454386
117,17,37,0.38258907210764515,0.23178414481125909
118,17,95,0.36714607958432716,0.2576466981346246
119,17,96,0.41955231439956403,0.3963018034597411
120,17,243,0.30489066782949964,-0.1378889521074212
121,18,15,0.42702437687769657,0.24329355574280565
122,18,16,0.45346818415003687,0.44112024308236153
123,18,20,0.0739631220014175,0.027286724060185952
124,18,38,0.4389413928718846,0.2758352047559477
125,18,88,0.2956984695932511,-0.036350430857131966
126,18,96,0.09433282580688171,-0.0030920191215927373
127,18,241,0.06759990455117337,-0.45048871108317046
128,18,242,0.473014329423469,0.0874531753640414
129,19,17,0.3706604885623386,0.2617697958419293
130,19,20,0.46086790952493034,0.40498916041171984
131,19,21,0.2002685790767682,-0.4350564575603405
132,19,22,0.4204589873230478,-0.12617355248978784
133,19,38,0.2741060974906203,-0.2458424741036631
134,19,92,0.2398809805904426,0.07708953002340846
135,19,93,0.2088280732589055,-0.23654910021096626
136,19,94,0.2687771736099125,-0.06411637836366685
137,19,97,0.3029865771025461,0.0570511196876744
138,19,241,0.466571985276704,0.44762109325572286
139,19,242,0.4179809653271569,0.21870937591145212
140,20,18,0.4194509610583617,-0.05138444259012587
141,20,23,0.4218602916680479,-0.4809965408355091
142,20,39,0.455187411652001,0.3529370246469803
143,20,40,0.4999070659565974,0.27490444768636846
144,20,87,0.486497069410284,0.4068462526233013
145,20,91,0.4637013173131306,0.4064382141605478
146,20,95,0.32506060305393286,-0.15893821859869872
147,20,98,0.448522764907106,0.422382561218394
148,20,102,0.20839116186969103,-0.1213206322327886
149,20,242,0.2151329345692295,-0.308570250085442
150,21,19,0.39174874164809864,0.03461234527508672
151,21,24,0.11873618019180998,-0.1422963036064449
152,21,41,0.08518111010406687,-0.035690731931825426
153,21,87,0.009879569139075006,-0.3179494390978647
154,21,88,-0.25997563149661207,-0.4746441582753045
155,21,92,0.30065698904147414,0.07355693585289136
156,21,95,0.0946919864555503,0.06854784880920495
157,21,98,-0.008893365095659841,-0.09751963065546182
158,21,102,0.14587711030968598,-0.009464141484005373
159,22,20,0.3851035858258219,0.0723079077900417
160,22,24,0.34315477480136675,-0.10577478835719711
161,22,42,-0.07254199003136877,-0.20302022817136983
162,22,43,0.31109702174704024,0.023031542182032294
163,22,89,0.15502053613117284,-0.12887181782380475
164,22,92,-0.2415325320881046,-0.3375930323740156
165,22,95,0.24286610102231765,0.11513970228652304
166,22,99,0.2500100394259936,-0.22577861714604652
167,22,100,0.29173519056658626,0.14244389268004587
168,22,101,0.4791982891607949,0.3807875124931904
169,22,103,0.464912293815648,0.22769151162363066
170,23,43,0.0398746779692019,0.027494158833502036
171,23,89,0.34943886461157225,-0.12107379355919085
172,23,90,0.233890467964835,0.12367394863401848
173,23,91,0.17121087727305795,0.10163659499901456
174,23,92,0.499986532832041,-0.3600864597922875
175,23,96,0.35027291675778915,-0.21658525650359073
176,23,97,0.2711417184221451,-0.284409195615694
177,23,98,0.42041028194814556,0.19795755890150568
178,23,99,0.41661047782745064,0.23813018198250224
179,23,101,0.1961571621962731,-0.34286863416187596
180,23,102,0.28926089725638715,0.13644211404301188
181,24,44,0.39885741181348916,0.32702158030105033
182,24,45,0.45700837575952274,0.1845319849178978
183,24,46,-0.1336200481862918,-0.17355924518539084
184,24,102,-0.11619064792041933,-0.30728055729807097
185,24,103,0.4687649676437864,0.2651254040990666
186,25,47,0.09879522331820234,-0.26692627853982037
187,25,48,-0.2840118480639775,-0.31246022429470166
188,26,48,0.35550439648104804,0.2451513276503724
189,26,72,0.36373609264480794,0.003877753692522079
190,26,76,0.338664597401693,-0.04913735603459257
191,27,48,-0.14756601901998725,-0.27758655735283855
192,27,72,0.262992387472764,-0.2813638134006028
193,27,73,0.4422122525290678,0.333898211682364
194,27,74,-0.21627421788694273,-0.27082185989759266
195,27,75,0.3850463172021914,0.12158399480919035
196,27,78,-0.1838381644312871,-0.4459245500635581
197,28,49,0.29587067394129635,0.1371228503046158
198,28,72,0.33256871459051074,0.02475067441969736
199,28,78,0.4249379620195529,0.27430203697766276
200,29,50,0.3095958629704905,0.23808823562636539
201,29,73,0.41354414833172615,0.3186645954864795
202,29,78,0.2634297132441157,-0.3585670498688198
203,30,51,0.39307656487879256,0.27988461568024614
204,30,52,0.40677458571132497,-0.12847632737512626
205,30,73,0.37501002078075185,0.28146420245332426
206,30,80,0.47575673189441303,0.2555212658377477
207,31,52,0.42303791589804485,0.3673418617278944
208,31,73,-0.0406823970908855,-0.1785702534134055
209,31,81,-0.3741930913943168,-0.45611320551126694
210,31,83,0.44910607147877973,0.35210201418348763
211,31,84,0.07803060134762033,-0.02680535460498551
212,31,85,0.4604004543078465,0.36152241938737306
213,31,86,0.32389129701317926,0.30416337741538024
214,31,87,0.13916823274893583,0.1207558239688572
215,32,53,0.49841014434377806,0.1337567802532975
216,32,54,0.2774655856401599,0.09080699238806045
217,32,55,0.455182856953407,0.43786144103462765
218,32,56,0.46736369828055624,-0.29209821295046334
219,32,57,-0.2268004487185427,-0.45178694921288254
220,32,69,0.16771990749819018,0.1606515215692329
221,32,71,0.44199413945179766,0.2056819919743892
222,32,72,0.3477223853726631,-0.17183178863302717
223,32,81,0.47155110467737055,-0.1541256196969944
224,32,82,0.4772191282868226,0.03384129227958477
225,32,85,0.47077414734228085,-0.1217262565391799
226,32,87,0.03855728769020278,-0.32180036544314483
227,32,88,0.3793053312188643,0.0495020222059539
228,33,57,-0.3530913126161509,-0.43593004369103794
229,33,67,0.4384590223752956,0.41615342769249086
230,33,68,0.47440199843727293,0.004399961701050725
231,33,70,0.07786014447271675,-0.16874783804297216
232,33,79,-0.06727706774735043,-0.22480505198660494
233,33,83,0.4103895962686466,0.29430370003356177
234,33,84,0.31984024279534373,0.016338696273598963
235,33,86,0.2994167616475074,0.20589520259618865
236,33,88,0.17255512104314183,0.0770108599006395
237,33,97,0.17638632380268254,0.12067415308451857
238,33,98,-0.4251015011633359,-0.4848597540636929
239,33,99,0.3223748303781945,0.044495952676740336
240,33,100,0.3448287731445655,0.1351057251417448
241,33,101,0.4879901238140196,0.17826129396012746
242,34,57,0.12958892693763996,0.07874183402491364
243,34,61,0.37320560347102283,-0.2530126409163266
244,34,62,-0.21229829184613325,-0.4329609992726931
245,34,66,0.4832032268676763,-0.4244089286266988
246,34,78,0.2605608368149839,-0.08987326145759211
247,34,82,0.40562912585813105,-0.22352824130919868
248,34,84,0.020727400257968646,0.015615705576388805
249,34,86,0.3189077296503873,0.3065104272069781
250,34,87,0.22977968293638137,-0.002337493610703012
251,34,88,0.1602191759757815,0.011906457411388405
252,34,95,0.43301507106446047,0.15842219962877202
253,34,96,-0.29254153042253106,-0.475744079804778
254,34,102,0.3919467711073752,0.1926938421130735
255,35,58,0.48714436062519184,0.44951132602261035
256,35,61,0.3768657266304911,-0.24561729599497317
257,35,63,0.08505886311922056,-0.4852595728727987
258,35,64,0.23860453384907832,-0.4380382151617863
259,35,65,0.4707575386890143,-0.34724350970003065
260,35,76,0.13932306374343584,0.08544330043641979
261,35,83,0.3158089378178402,-0.2253459412972469
262,35,84,0.45341229015262996,0.15740087409094494
263,35,86,0.3138826700147019,-0.3177181731195608
264,35,88,0.43717675071160783,0.24920520023268466
265,35,96,-0.22882045906649354,-0.3917441215340624
266,35,101,0.12289596033791088,-0.025181720419099884
267,36,59,0.4739540554370308,0.05418313902139282
268,36,60,-0.29260766673687155,-0.3341410246728284
269,36,75,0.2488357207870416,0.23261263343658234
270,36,80,0.2888468812323845,-0.23012022460495024
271,36,81,0.4041912603552908,-0.15320347465212164
272,36,83,-0.16518171914408258,-0.3729518189222065
273,36,84,0.1514183411281539,-0.39948131081314264
274,36,85,0.4302975770677854,0.39778575734096266
275,36,88,0.3604958382882567,0.21132275885572882
276,36,97,0.4969985687705107,0.37459104616839534
277,36,101,0.3221515972471485,0.12904323592700384
278,37,75,0.11202843550781083,-0.2534819079890375
279,37,80,0.32045040191284996,-0.07167104639119942
280,37,81,0.41022610926941844,0.24492283323468023
281,37,86,0.3988649949931442,0.2210842989847277
282,37,87,0.3518446019021782,-0.47177955895716944
283,37,89,0.15661210037339662,-0.3536137187084843
284,37,97,0.17729658630440115,-0.30503744155077345
285,37,101,0.09356084275309891,0.07916865028374465
286,38,80,0.13002203802807882,-0.46398303695379567
287,38,81,0.15359630391966533,0.14339420290581262
288,38,86,0.3285874114729713,0.311613743747869
289,38,88,0.4206208392378311,0.3747320000047757
290,38,90,-0.38494433014974955,-0.4636667095631238
291,38,91,-0.057333101930555935,-0.2250276079158634
292,38,96,0.4780860596935075,0.38058702519710386
293,38,102,-0.28868789381433635,-0.35791864513742916
294,38,103,-0.19854607691278797,-0.3096935320855284
295,38,104,0.23568938229325287,-0.11900859226432431
296,39,81,0.10013246304758722,-0.1562709713715838
297,39,86,-0.11541250063033578,-0.16782886215258713
298,39,89,0.43652954158039214,0.29402851516464634
299,39,92,0.1666551094038124,-0.2928127624032583
300,39,93,0.06248769002871163,-0.3881289387383792
301,39,96,-0.07483269257048936,-0.3356313809634453
302,39,105,0.04618457320093726,-0.10388193250132827
303,39,106,0.47812088839202405,0.1629930457634987
304,39,107,0.1472053855081349,-0.19614148587975222
305,39,108,0.03921511865405501,-0.11290510098572654
306,39,109,0.4404752118155733,0.30626267129205964
307,40,86,0.46943085783566524,0.43482032876182886
308,40,88,0.23161156070662295,0.19882885291927943
309,40,90,0.13269675220388938,0.12294763729986946
310,40,91,0.4775812197913968,0.339506097802764
311,40,93,0.2711206266572018,0.20441786991072297
312,40,94,0.43104575771925274,-0.07359436813410397
313,40,95,0.4871147157429402,-0.49805834677958427
314,40,110,0.42510178476971816,-0.3158219385352493
315,40,111,0.2868067758979515,-0.20779328456743423
316,40,112,-0.12024459449589833,-0.1696208354105736
317,41,86,0.03164380716615939,-0.32902295816187677
318,41,88,-0.10279508154686673,-0.20984542640532106
319,41,91,0.1758822753371258,-0.009319466469865478
320,41,94,-0.1385402324587468,-0.21085110070465535
321,41,112,-0.024142946031076307,-0.341914387036647
322,42,86,0.12500293593871986,0.08665111232852662
323,42,88,0.17560508563377714,-0.20392237910619565
324,42,91,-0.1355444332757583,-0.339125215126283
325,42,92,0.47018402567174117,0.3931475855725176
326,42,93,0.4298203807267601,0.30024521344427746
327,42,95,0.16029176301546594,0.059728816525544515
328,42,112,0.13149673949847207,0.1141578827520684
329,43,84,0.35938115065330106,-0.004843620693800732
330,43,85,-0.11797705598532551,-0.1757281319097031
331,43,86,0.4916160683088185,0.17896401842700094
332,43,87,-0.02727343483639355,-0.39612315649607366
333,43,94,0.38047526924805614,0.3398528949530011
334,43,113,0.44193364875105184,0.14074710556803605
335,43,114,0.26795444315839745,-0.3988845997270759
336,43,115,0.46148895810142415,0.4213282911437438
337,43,116,-0.02285367420041323,-0.05165133058663096
338,44,83,0.10947360370308948,0.008326435194533244
339,44,84,0.4228765856909095,-0.4367938437955266
340,44,85,0.29744679302042093,-0.29598597460069237
341,44,88,-0.2514772425171808,-0.34737623730607325
342,44,93,-0.11045394482040674,-0.25494919835822905
343,44,117,0.07667758892539583,-0.23142293182360135
344,45,41,0.38360155850992,0.037149461222041436
345,45,72,0.3591984156201763,0.04166045713585553
346,45,73,-0.0717056083911235,-0.4536476118774213
347,45,74,0.24765444679898707,0.24418773833903373
348,45,75,0.4485477646991304,0.39116419463411634
349,45,76,0.4209060697963381,0.3989201384894314
350,45,86,0.09722857918923272,-0.29552823936653816
351,45,87,-0.02648530722997719,-0.23413906834180165
352,45,89,0.37157710860059284,-0.23884751658273212
353,45,117,0.2978721388365894,-0.3380608717841946
354,46,40,0.4135480683257125,-0.4169700812285522
355,46,42,0.21716413860497968,-0.02663672909475412
356,46,43,0.1999898850402161,0.15644399946556353
357,46,71,-0.14009191545377175,-0.3265297167936555
358,46,78,0.29118913612481423,0.1482200359738648
359,46,83,0.41896677915034164,0.2865774998430758
360,46,84,0.05596835393571892,-0.2451822043174633
361,46,85,0.471007090293933,-0.3929981419016751
362,46,117,0.0909140275460722,-0.3000233092126172
363,47,41,-0.25661691909061113,-0.4554202547490704
364,47,44,0.49144303984373067,0.197054451546831
365,47,70,0.3080771951175735,-0.28750357492066225
366,47,77,0.4568813243164507,0.40418809091122965
367,47,116,0.24147813651934605,0.03051332970522469
368,48,38,0.41105759730102476,0.24784143521266944
369,48,39,0.17969131037949965,-0.4953551722053438
370,48,42,0.19350541088548007,0.08764061606602913
371,48,45,0.3367252485391241,0.17914929355111864
372,48,46,0.49206308369840823,-0.3526531409851976
373,48,67,0.28822696800990155,0.13822002981862846
374,48,68,-0.14669583968849054,-0.34121641503833067
375,48,69,0.3634293337665297,-0.10208483397759688
376,48,77,0.4602512462487823,-0.3033372848537466
377,48,87,0.25785766054307024,-0.1531284284098633
378,48,88,0.2794047624630482,0.19199860590847562
379,48,115,0.2981395863451653,-0.1604969218460756
380,48,116,0.32053560138964304,0.2644324839206976
381,49,43,0.2715216393606475,0.011374635405390299
382,49,47,0.32668550879124786,0.19160254250954856
383,49,48,-0.2596987915206528,-0.46811979143597054
384,49,49,0.11716300157606105,0.07284814140044038
385,49,63,-0.00793522979872574,-0.4036966044676869
386,49,64,0.2678537692402675,0.24698437269375906
387,49,65,0.28820798098137146,0.23377992756543908
388,49,76,0.13266615114084296,-0.12376511097475124
389,49,77,0.44993329296126905,0.41402790249555255
390,49,78,0.311452022468686,-0.2935931273094836
391,49,86,0.408767879261637,-0.3758797979085749
392,49,89,0.3987949202829656,0.21241182004964654
393,49,91,-0.06976795182001408,-0.24164890394694255
394,49,114,0.40143985093531215,0.32151832884696396
395,50,41,0.22947923191950004,-0.30926508120031504
396,50,50,0.46505717135170577,0.38019379856937685
397,50,51,0.19608855549031554,0.009614462720406669
398,50,61,0.18850428804300823,0.06521872653531458
399,50,79,0.2785713846441662,-0.2661473611146655
400,50,81,0.3312011319771699,-0.06520414614529552
401,50,85,-0.07787090408106184,-0.0968887708676438
402,50,86,0.2943527988802854,0.0014557505187643427
403,50,89,0.38246279149948414,-0.15920919438595305
404,50,90,0.36767280524955176,-0.4685825166010584
405,50,92,0.493896979856378,0.04212204521516538
406,50,114,0.1599952384778202,0.02592219004454488
407,51,37,0.45387842848117205,0.44725011237733914
408,51,52,0.49110034215343584,0.029839018093811953
409,51,61,-0.41691803929491617,-0.45126562653961805
410,51,79,0.21507319212607373,-0.1573553970966295
411,51,80,-0.19491270335484265,-0.36301859680820264
412,51,82,0.32544923363995376,0.2738899635930335
413,51,83,0.32608326173181157,-0.3175342353787254
414,51,84,-0.05162203138646598,-0.39391297069309056
415,51,86,0.4048032686180484,0.3275422411010134
416,51,87,0.31671822231386876,-0.11381497278085656
417,51,92,-0.08531260400943888,-0.13642060421447244
418,51,113,-0.31747249693389556,-0.338431834727671
419,52,22,0.2409875775141523,0.20873032895546872
420,52,26,0.3816247114019433,-0.03748012910966214
421,52,27,0.46341792290249817,-0.030853390941483427
422,52,53,0.40435891921500067,-0.49610797518369454
423,52,54,0.2914009899985492,-0.11209983311687988
424,52,55,0.3753085491089271,-0.10873126016946077
425,52,62,0.11894623598570173,0.07106113077951304
426,52,79,0.47746846585082664,0.32062569721712253
427,52,80,0.29337481062320697,-0.016213596860603974
428,52,81,0.20099455701293922,0.1940117104572021
429,52,88,0.3020141931034295,0.2267342282737984
430,52,92,0.44942795404223557,0.41391657167006923
431,52,97,0.32361816702872026,0.05449481948234358
432,52,98,0.27550271884336286,-0.39683528878392593
433,52,112,0.16337526925038715,-0.04210713310464542
434,53,56,0.4358052778826973,-0.042210531673057716
435,53,57,0.10136947789322809,-0.29228484627191786
436,53,63,-0.08976612338994783,-0.387868905654338
437,53,92,0.40058371527954895,0.2696421193243511
438,53,96,0.29306696483159694,-0.06562040276219522
439,53,99,-0.053045867573960945,-0.13467213450455617
440,53,111,0.2477984878473864,-0.15153132245222622
441,54,29,0.2852418054884893,0.21603702657586443
442,54,58,0.4899235883271203,-0.10056100162404052
443,54,64,0.1884666797840821,0.04287384675435679
444,54,92,0.10484622499201723,-0.37151082688749026
445,54,96,0.22362050902359193,-0.1498245942637612
446,54,99,0.42130768944105357,0.05511547499295355
447,54,111,-0.13067838899817116,-0.28080617775889183
448,55,10,0.1291070754021143,-0.23307860769850874
449,55,11,-0.168345710366074,-0.30186647362037283
450,55,12,0.06837060896277307,0.042539233881674465
451,55,59,-0.1695588122485353,-0.45099582230104207
452,55,60,-0.15078112106471897,-0.4752341756856552
453,55,61,0.464242285064274,0.35725129529910193
454,55,65,0.21998806061416404,-0.10587215273486111
455,55,93,0.3118417376814149,0.13109050442363157
456,55,94,0.3768486131887178,0.2519174199701303
457,55,95,0.23267095301784985,-0.17395499116968932
458,55,96,0.0862829807256839,0.06123278197058313
459,55,98,-0.030845896361045927,-0.19185250150442257
460,55,111,-0.036053525026320955,-0.03878068337161916
461,56,8,0.44774730115325456,0.41990146630727165
462,56,9,0.4586210385474942,0.4259769201538206
463,56,13,0.21030664524227483,-0.2547518808192811
464,56,62,0.4322182380698206,0.34418113282293694
465,56,66,-0.21906667440617786,-0.32218088802130573
466,56,97,0.08229785175498927,-0.19060930696788841
467,56,110,0.37099945605638274,0.2907004675359196
468,57,7,0.23893715864943105,-0.0418868997268152
469,57,9,0.47325544358479266,0.2200533961864264
470,57,10,0.4168598111268611,0.05338216321376299
471,57,12,0.22515792198863782,-0.21413316697208834
472,57,63,-0.04377740263239209,-0.07880646141393394
473,57,64,0.4357405212248172,0.4120305593061452
474,57,65,-0.3826665438244946,-0.3907578960007734
475,57,67,0.010020510437845631,-0.38847639962864466
476,57,68,-0.15646851349859486,-0.24403096780246486
477,57,98,0.29120880469753163,-0.4940312582763742
478,57,99,0.24283341152793386,-0.20588555407143083
479,57,104,0.401227517551093,0.3500789607094469
480,57,105,0.299196288544539,-0.34931569169032534
481,57,111,0.4779060168189785,0.3524112702640102
482,58,5,-0.03148621334259971,-0.43967015708721796
483,58,6,0.4741439354321584,0.41955103183271003
484,58,7,0.26952364306536314,0.168306492376048
485,58,9,0.43014456175664945,0.13285652248717916
486,58,10,0.4984809747108111,0.30547065132113405
487,58,11,0.40989466955473836,0.18887280603152845
488,58,12,0.2665066510835688,-0.44829146358144306
489,58,66,0.292755632420478,-0.49039265893346184
490,58,67,0.4460339001270185,0.43095625961243667
491,58,100,0.30223907319209914,-0.04818745645905953
492,58,101,-0.43564206692144497,-0.4715533873268117
493,58,103,0.49719971233455773,-0.28312257394922136
494,58,106,0.18084377754537023,0.060576352938650824
495,58,107,0.49393098891413134,0.38755913245080686
496,58,108,0.3661342996660546,-0.003885670674769137
497,58,110,0.4345367195354666,0.3667898880965954
498,59,13,0.08708471024836965,-0.07128029258585095
499,59,102,-0.24770235953156847,-0.4718221787521537
500,59,103,0.12495338151583185,-0.2489180958904158
501,59,109,0.2237168983628185,-0.37374393161808017
502,60,12,0.3268471215604031,-0.37957690199937133
503,60,102,0.43266575078186853,0.4153138738562534
504,60,104,0.09029445151178797,0.06887325814053713
505,60,105,0.439715004440087,0.05654053622043875
506,60,109,0.1972142562983839,0.08528296051871764
507,61,9,0.01005997326390326,-0.14388130072024524
508,61,10,0.1862034644352405,0.11213707413179852
509,61,11,0.1698475783820485,-0.11131762192902572
510,61,22,0.13624998405790806,-0.07173785240547853
511,61,103,0.2916264719061755,-0.2707841649913406
512,61,105,0.27037725758526787,-0.27004723474382086
513,61,110,0.3224324365718602,0.0672923848445236
514,62,5,-0.016895389654462224,-0.05206430985406674
515,62,10,0.4642641882197615,0.0055270645429664755
516,62,14,0.46294228971665513,0.4421825258301535
517,62,22,0.008977626787062062,-0.000616193807438048
518,62,23,0.22469346112865202,0.05358718555006858
519,62,24,0.33196705831821294,0.13598626277387638
520,62,103,0.31182541202669195,0.028866965129203392
521,62,104,0.4850119655410134,-0.22455090133469952
522,62,105,-0.33108482649820536,-0.48064709187661653
523,63,5,-0.18909518738452483,-0.2936275275940261
524,63,22,0.051954538265250705,-0.14819767520866473
525,63,25,0.07006411478928565,-0.4434420184571508
526,63,105,0.2997548371794292,-0.08620850431973176
527,63,106,0.27720650987539325,0.2679375721044065
528,63,107,0.4530566748188833,0.3635764684898315
529,63,108,0.41370595683662215,-0.39450213074059015
530,64,5,0.3284334444376808,-0.05233308276497006
531,64,21,0.009646006117762423,-0.14418041700285883
532,64,26,-0.05054226591505781,-0.073380197991885
533,64,106,-0.24242677301816176,-0.2760511901700463
534,64,108,0.20395738057124543,0.19082005505767896
535,65,5,0.008957402940066694,-0.22785655424573897
536,65,13,0.4138208473062383,0.01847205498419613
537,65,14,0.4945027297125096,0.11269522264404908
538,65,15,0.4558588808573808,0.3970952162699819
539,65,18,0.3060730701654541,-0.16063720586115976
540,65,19,0.03684573241742456,-0.42736026646810266
541,65,20,0.2852166058096376,-0.018859476402859343
542,65,22,0.48168601902257574,0.42482682105781056
543,65,23,0.40365457490609186,0.2508285413710518
544,65,26,0.3604645397239082,-0.07314356152860552
545,65,106,0.3238444922306544,0.30189967382164606
546,65,108,0.44798665322790615,0.43822598367487164
547,66,9,0.09186930875943729,-0.07668567991937575
548,66,11,0.4774911264288974,0.43572107506120195
549,66,15,0.45562977679723976,-0.4947042007279708
550,66,16,-0.12016781069705929,-0.4557096328685806
551,66,17,0.2508854304971036,0.12155643789034276
552,66,21,0.4783918614621823,0.03343057726712306
553,66,24,0.3965691291512569,-0.2108336126586064
554,66,27,0.13129068222322415,-0.48208632776659577
555,66,28,0.37595619388386736,0.3685727710108787
556,66,107,0.23094015073284913,0.19679754848815745
557,66,109,-0.3472140550545908,-0.48012067269146563
558,66,134,0.266663289599647,-0.36257645929751725
559,66,135,0.10433123428883466,-0.04808962633889535
560,66,136,0.10193266442357235,-0.13147400008092397
561,66,137,0.25551783273244,-0.16910051258279896
562,67,11,0.3503122679773236,-0.40644808351537054
563,67,15,0.45441982268003334,0.11686389609136194
564,67,17,0.3012962002666966,-0.19261791403441375
565,67,22,0.4378364947570203,0.36604603163145943
566,67,24,0.3161707998287952,0.30560798755648944
567,67,28,0.16984822916315984,0.03560644883418962
568,67,109,-0.18261668688062876,-0.24064805606056272
569,67,134,-0.2745714737430659,-0.3440840414146233
570,67,138,0.35253462441832184,0.2699641834972276
571,68,12,0.4811924790957303,0.067202979931419
572,68,13,0.45782416368063283,-0.3336133079772221
573,68,14,0.38838629838591615,-0.1126434558899932
574,68,16,0.3590723217851007,-0.022165964744006117
575,68,22,-0.3698507981732975,-0.48070951578594284
576,68,25,0.3251891502446109,0.21240296380754475
577,68,26,0.44324953703783604,-0.40413634382599556
578,68,28,0.0895728712583157,-0.21934508042229528
579,68,134,0.27268696619106236,0.16949407308918285
580,68,139,0.38613928525274066,0.16649698647931932
581,69,23,0.46227606095909024,-0.18433141112231122
582,69,27,0.17930185868717124,-0.06181042225288241
583,69,28,0.48844179353868766,-0.019696370249459916
584,69,134,0.33944107587162825,-0.10252799628116832
585,69,140,0.3446436769827611,-0.11193081609422972
586,70,20,0.2832981586233556,0.17085290401304554
587,70,21,0.18736365305225072,-0.44682073210658296
588,70,23,0.4269542045829373,-0.1645316005939611
589,70,27,0.4338231973919212,0.0703461440938693
590,70,133,-0.13589649221045164,-0.3443884964381412
591,70,140,0.3953986460514374,0.21526271758096738
592,71,18,-0.36794473643081194,-0.4196930663598222
593,71,19,0.14785686780579427,-0.326697092050642
594,71,22,0.19162935846452145,0.08801381510961825
595,71,133,0.33288054220696933,0.1943294988033516
596,71,140,-0.08894480116838009,-0.144695713127225
597,72,17,0.234489052699475,-0.3994745401961805
598,72,134,0.24363821762548254,-0.4346214143092244
599,72,135,0.4817000738047433,0.37036014326189204
600,72,141,0.2147499610254418,-0.049271119184584045
601,73,18,0.17173840249765743,0.15941397834541415
602,73,19,0.4549781117484382,0.4140078647926808
603,73,20,0.44089609425181797,0.2970865465340462
604,73,134,0.37494400348530066,0.2921561228359183
605,73,136,-0.01946240152343094,-0.08534391033184802
606,73,142,0.30988738238747326,-0.28780733845922335
607,74,21,0.3224351818754883,-0.212245393634169
608,74,22,0.41656649247791944,0.30174727484873887
609,74,24,-0.14038235008287006,-0.28332560383365346
610,74,135,0.4279262237893428,0.003496299176395601
611,74,136,0.46409709188991544,0.4312762150807721
612,74,139,0.2558388158352001,0.20623700037054649
613,74,140,0.35975074455506384,0.18209970246046603
614,74,141,0.43157734531021924,-0.17825222480513186
615,75,23,0.10788166139297706,-0.2596905352880628
616,75,24,0.44564701477747,0.3801974976180108
617,75,137,0.3173232311282697,-0.4430297408372879
618,75,138,-0.4504656569074576,-0.47371323632587803
619,76,24,0.24740268247927588,-0.12165315883568312
620,77,8,0.19617664436785476,-0.3405148700158308
621,77,10,0.024773922997652256,-0.04204650612745048
622,77,24,-0.3975541912141154,-0.43058228656809033
623,78,7,-0.04350784839082446,-0.1529611962596263
624,78,9,0.1310121202866722,0.1259154986182599
625,78,11,0.3343154876265251,-0.3523097219447683
626,78,24,-0.07840395269698451,-0.18790335659211727
627,79,5,-0.37586390321532986,-0.3766062696971997
628,79,8,0.12294557165263464,-0.28961543249374544
629,79,9,-0.3188698215692438,-0.40179711118641054
630,79,11,-0.03510266914360468,-0.09720225834680252
631,79,24,0.04474096748470768,-0.3842091448442202
632,80,6,-0.3600683139693816,-0.3878882951723225
633,80,8,0.3904712059242464,-0.1640788069473274
634,80,12,0.38865294111793325,-0.023446051814763502
635,80,25,-0.009418152649806416,-0.1808151932126949
636,80,27,0.4190825989375294,0.39613859755983505
637,80,28,0.16355339044634293,-0.4745457199317324
638,81,6,0.1525823779436385,-0.4396199833117028
639,81,7,0.14340300600405076,-0.4302962587988328
640,81,8,0.4878549100601318,0.37395645473642947
641,81,12,0.498695230488849,0.4426697616567056
642,81,26,0.41485953031043354,0.36420006026091034
643,82,5,0.4727106857549804,-0.047937287610028856
644,82,10,0.370354323305766,-0.08787495219028568
645,82,11,0.2993324104872682,0.14023528751114722
646,82,27,-0.12072657232508993,-0.4737392159680943
647,82,28,-0.3343249699048313,-0.40481660081288035
648,82,29,-0.006278475978642339,-0.48499399153960654
649,82,30,0.3907729339924726,-0.371380505417812
650,82,31,0.18404310595424916,-0.12765621355885504
651,82,32,-0.16644010857765856,-0.1863157522786223
652,82,33,-0.3832199381128937,-0.43312024196761945
653,83,5,0.29677387586716103,0.21447503743640284
654,83,10,0.42389237804439617,0.3799489812388327
655,83,34,0.05069518523550404,-0.384209884139415
656,84,6,-0.10252025611441773,-0.32643376095009663
657,84,9,0.018573819818358484,-0.3620672714642379
658,84,34,0.4366666254079351,0.17107955210443926
659,85,7,0.4886132745348837,0.1898280785364881
660,85,8,0.3288831244723387,-0.4837133229378654
661,85,10,0.07160310457533939,-0.17590961849934889
662,85,35,0.1946557696957757,0.13131341660689
663,85,36,0.4664761078687757,-0.2949509569908044
664,86,6,0.3656892631527267,0.29493346263980147
665,86,9,0.3583049816403959,-0.43169696398801816
666,86,37,0.49568936996639357,0.2764790844570809
667,87,5,0.0924777006192493,0.032575698495029726
668,87,6,0.08948750647807807,-0.3214148488599501
669,87,7,0.37317104233909565,0.3554837163415929
670,87,9,0.25231931644496597,0.20401349344328912
671,87,38,0.3507233714394995,-0.4841850994949577
672,87,39,0.391004095880644,-0.27262307635379934
673,88,9,-0.31946190813271774,-0.4214773001017701
674,88,40,0.4844937321250357,0.42309884326093916
675,88,41,0.33749935182569285,0.30120121244097153
676,88,48,0.37669870612942497,0.09421355734450243
677,89,5,-0.37333190045915565,-0.44610607582917494
678,89,6,0.4111359547211634,0.28065399740671126
679,89,7,0.41169881867515246,0.3904792115999355
680,89,8,0.34419786246948225,-0.3945384560665379
681,89,42,-0.056547420311566565,-0.3196941177769723
682,89,43,0.46678037342470835,0.11702699214124956
683,89,47,0.3803530525719635,0.1351464877862394
684,89,50,0.36052232478727814,0.3317835186811058
685,89,51,0.35754621061251757,0.3098277439406655
686,90,42,0.3530269022118036,0.3072927834735083
687,90,45,0.38254902601935137,0.1749606347776631
688,90,46,0.37763351315834676,0.232818503892666
689,90,48,0.4283413010032787,0.29814371062369593
690,90,49,0.4185591618369204,0.41094206942969
691,90,52,0.3149078769886724,0.31223692700503725
692,91,31,0.469767569486962,0.44807649533925176
693,91,32,0.24855378750605062,0.03181297196186739
694,91,43,0.4539023689354275,0.39659345528068535
695,91,44,0.34233338398735297,-0.19595120362231905
696,91,52,0.35312200629174934,0.3290985063567702
697,92,30,0.4898769095209298,0.41965871992242076
698,92,33,0.40282204370362634,0.34312315628400447
699,92,53,-0.010336252098936377,-0.11929472322262641
700,92,54,0.4353453234476364,0.40260614595284394
701,93,6,0.4789057214601991,0.40800709990997874
702,93,30,0.2261511480438489,-0.032075663948182564
703,93,34,0.03372910400723825,-0.17223399518394572
704,93,52,0.45777476598102135,0.4261356027510851
705,93,54,0.48266536193968834,0.43235140419058926
706,93,55,0.04245602305962623,-0.14724754758353215
707,94,5,0.48197924231010136,0.41727149815297226
708,94,6,0.2550955869711318,0.14318054541971192
709,94,29,-0.3747788398392031,-0.42470281521928044
710,94,30,-0.2702544647017484,-0.29102961384514575
711,94,35,0.47289453593540504,0.22608594880937538
712,94,52,-0.15975310313786015,-0.29868100566443445
713,94,55,0.4256577320800089,0.28963063282085333
714,94,114,0.23015240630836734,0.20486778618531898
715,94,115,-0.05996169285816917,-0.07986459681437985
716,94,116,0.4042065888295818,0.3574028699710754
717,95,5,0.49295640761898474,-0.30505541742606246
718,95,7,0.04414895920645226,-0.13242214881117714
719,95,28,0.1166129883455479,-0.36265655395173024
720,95,35,0.40121398127157987,0.39047624949065085
721,95,36,0.349717221892898,-0.049293969199196486
722,95,37,0.42081510855199067,-0.37954704386249916
723,95,53,0.3977565218845191,-0.19651690481104617
724,95,109,-0.03640587100946446,-0.41998555428384166
725,95,110,0.45197256973592026,0.13099313660854328
726,95,111,0.3024261646042431,0.08287063908197445
727,95,112,0.37632595967021915,0.3358616234854326
728,95,113,-0.4353634449622315,-0.4476446191439263
729,95,117,0.2757416101729496,-0.1827876299360227
730,95,118,-0.010015772544574836,-0.14603378816339274
731,95,119,0.03503330675604509,-0.029597749122948436
732,95,121,0.19306681930154107,-0.19587930611501464
733,95,122,0.19857253047028373,-0.21748618600959496
734,95,123,-0.03526907534478568,-0.4630614575376136
735,95,124,-0.041308728329798136,-0.0629528376964737
736,96,5,0.2261393084696789,-0.3719436557027497
737,96,8,0.3303790267085691,0.2974599857546747
738,96,29,0.41370884963730725,0.3568193294084415
739,96,30,0.4139256114407921,0.30422776195733237
740,96,38,0.197124561908552,-0.49478175481719744
741,96,54,-0.38181543339428464,-0.4177846050353978
742,96,55,-0.30260312283934276,-0.4512581486657709
743,96,56,0.43164468544594214,0.4215542021563863
744,96,57,-0.19683128568527586,-0.347338276541873
745,96,58,0.3852427248324415,0.2379922758330033
746,96,99,0.2317979069153167,-0.13263453503026196
747,96,100,0.43399472558308216,0.34510861832609685
748,96,101,0.10206767883030954,-0.491344363417882
749,96,109,0.3858182793568647,0.2496991920197178
750,96,112,0.253936939363509,0.008600695556146953
751,96,120,0.3110955261335658,-0.20726303569112697
752,96,124,0.034061183550990914,-0.1890454938392203
753,97,9,0.21733455434723117,0.17141171485528328
754,97,29,-0.016254578640709616,-0.16808338857251465
755,97,30,0.48526789335853904,0.4246029652057024
756,97,38,0.25198378738292493,0.14852802657026132
757,97,59,0.16015690962461043,-0.23086550408591916
758,97,60,0.16431509932749527,0.08925587119669331
759,97,99,0.10573991023149182,0.08624098678130598
760,97,102,0.1662488508158233,-0.31068481964003936
761,97,103,0.3687415225881619,0.07733482974226846
762,97,104,0.2675714949121178,0.2086524407104986
763,97,113,-0.25093509842745054,-0.4357090538835632
764,97,125,0.4176214655151041,0.29763105289456115
765,98,5,0.30147193865332006,-0.006353349817750764
766,98,7,0.4401425587709511,0.2642687235751646
767,98,8,0.4719861811421346,0.44708184892190983
768,98,28,0.48704320743290247,0.19777053108134657
769,98,38,0.14967661600511378,-0.095144446110762
770,98,61,0.36288213947206804,0.004802934008935278
771,98,62,-0.17452204312783845,-0.31496373621345974
772,98,63,0.41056763352700737,0.40447790975254405
773,98,64,-0.09292048680959072,-0.16762488859496882
774,98,65,0.17638904431609662,0.1699766510734173
775,98,66,0.4922132982090025,0.07321488640993012
776,98,77,0.061196070926825635,-0.03878730186399859
777,98,78,-0.20794098794789834,-0.43981435836219124
778,98,95,-0.0808474274607478,-0.22349896839481082
779,98,96,0.4699480694412004,0.2694955726380496
780,98,97,0.3411434568446477,-0.021175213028047757
781,98,98,0.2804369920504486,0.12349958119616145
782,98,105,-0.12309961005394703,-0.19666741939887372
783,98,106,-0.3010377239241332,-0.3318443450675934
784,98,112,0.20320766146202057,0.05425374034421693
785,98,126,0.47023206423792896,0.390092401558193
786,99,5,0.21177400218804832,-0.18549560807723686
787,99,8,0.34074122131975376,0.038894537681270824
788,99,28,-0.4579391205068952,-0.4895953290025047
789,99,38,-0.16067588839646885,-0.44481471228440667
790,99,66,-0.3686465148875145,-0.4349283271773543
791,99,79,0.1138489411332505,0.018498188740400545
792,99,80,0.043504929188571795,-0.04799531048996414
793,99,94,0.480848432160893,-0.42244411496195355
794,99,107,0.14257460167494165,0.07460054214904888
795,99,109,0.39473156221191197,0.1748879723568888
796,99,110,0.45881883991769506,0.428467978270461
797,99,111,0.362556951026703,0.3588840345698445
798,99,127,-0.2732188650977487,-0.38913776971219594
799,99,128,0.3438383518300982,0.1480288578444705
800,100,6,0.26785938165526874,-0.4386955889293373
801,100,7,0.33061968565667044,-0.0493142485396591
802,100,29,-0.25565832750105666,-0.38700492891058846
803,100,32,0.4854983744085424,0.41451828574048744
804,100,33,0.2828531132374833,0.0032997310952038728
805,100,38,0.40483053162530336,0.19708752860695145
806,100,57,-0.030473855878993233,-0.18827150673645293
807,100,58,0.4404133627732189,0.13172309605078247
808,100,61,0.30195817127177893,0.25753298844432315
809,100,62,0.4631758530367724,0.44533734522347057
810,100,66,0.08323716245143559,0.07296718752070741
811,100,80,0.33553168598412847,-0.016552088561049394
812,100,81,-0.21322309532796585,-0.30547500885457957
813,100,95,0.2504702109494307,0.2244931724787005
814,100,108,0.2358345418755412,-0.1911753492282114
815,100,118,0.17218875977950365,-0.03351117697403122
816,100,119,0.4725810769438023,0.4236655364418217
817,100,129,0.431015168823858,0.3241417696314177
818,101,30,0.43698612602619313,0.4185814651667019
819,101,31,0.29223364619074454,0.27657611388803227
820,101,34,0.20753192206763071,-0.14411141097689412
821,101,35,0.12127965908844511,-0.005419530629493519
822,101,36,0.07627605654544224,0.07463161974672916
823,101,37,0.09562214179810158,-0.30040946067621377
824,101,56,0.06274988232199467,0.046056448708386544
825,101,59,0.4358902473857101,0.17686475959469405
826,101,60,0.4654815122672015,0.2147459462843453
827,101,63,0.35933608754129887,-0.08404855470378919
828,101,64,-0.42863713587563496,-0.4977523504465153
829,101,67,0.47835724469765833,-0.13992670792244805
830,101,81,0.493539522123277,0.13790074581264844
831,101,82,-0.34591206857948825,-0.3885728319141804
832,101,83,-0.10650563640321936,-0.3902757740241639
833,101,84,0.45637942386900626,0.2639720645069755
834,101,95,0.08306329310452298,-0.4215801277256027
835,101,117,0.29498080211860933,-0.02800357459863284
836,101,120,0.38477730901830454,0.33861208146294874
837,101,129,0.36642594361646214,0.24779039281708792
838,102,56,-0.27397865752813166,-0.3674061098012123
839,102,60,0.4095637132883964,0.012204258041191962
840,102,61,0.4437504262771217,0.19040073585027562
841,102,65,0.2262129672234143,0.1330103002425883
842,102,66,0.38619560023166466,0.020377088231302687
843,102,82,-0.11758665785385847,-0.31314111031902975
844,102,84,-0.04198103946606921,-0.17921224854330892
845,102,93,0.46748018578762923,-0.23932720368337618
846,102,94,0.3628070608195047,0.31562574481815653
847,102,117,0.038060681900727145,-0.4863984547776659
848,102,120,0.1712688179585515,0.1521895308907404
849,102,129,0.4937751288577315,0.21958470421109788
850,103,55,0.20518471378362202,-0.19252535729393094
851,103,67,0.06658603236993271,-0.3348567272909702
852,103,83,0.26900844354941356,0.1846686146529516
853,103,84,-0.053679457723127516,-0.08886081183897482
854,103,85,0.49447127058432727,0.4089060684833352
855,103,86,0.3819281231446367,0.3793514794663707
856,103,87,0.2992735196759613,0.25696795897894464
857,103,88,0.4912087677730443,0.08977984841478703
858,103,93,0.46310308037015147,0.14389314911291295
859,103,117,0.4602565655271766,0.36121841043780756
860,103,121,-0.1818042018484533,-0.44586755148538215
861,103,128,0.462871777859742,0.41302028725726236
862,104,55,0.36541659628029877,-0.1956666443408085
863,104,86,0.34395702927189503,0.33143443830090935
864,104,89,0.44156778460334667,0.4276330410619773
865,104,93,-0.25254122952389235,-0.4219191943938575
866,104,117,0.4178488110148253,0.4154294813854694
867,104,121,0.23094230671646981,-0.09249577731498687
868,104,122,0.40549863756142046,0.3001658538466364
869,104,123,0.47485823382891557,0.4475247400108534
870,104,128,0.4694412570882487,0.41382969932692126
871,105,55,0.3498432645259469,0.20430796447665445
872,105,86,0.043039927354815224,-0.09310875866096163
873,105,90,0.3739855703507901,0.009531953780831826
874,105,91,-0.4129193923196902,-0.49416458257190027
875,105,93,0.455758200355003,0.08326748728848476
876,105,94,0.15520403681068043,-0.026554385509124256
877,105,97,0.029594174963963063,-0.06890688247767018
878,105,98,0.43072498397171216,0.3866741624871083
879,105,116,0.2750384736369617,0.06268360514425952
880,105,124,0.2031905863986756,-0.057789699941238615
881,105,127,-0.24029728895185898,-0.3218532659793706
882,105,129,0.4940462762310004,0.4492659495223842
883,106,42,0.41871428885477546,0.29624286812628775
884,106,54,0.3957190851373929,0.27571113513905265
885,106,87,0.04507463958659649,-0.04042664631238929
886,106,88,0.28102588298647313,0.13455660102748546
887,106,89,0.42803973042426957,-0.2999172106101733
888,106,91,-0.0839790745422608,-0.18703872818574163
889,106,93,-0.15173654645680065,-0.3619488472602965
890,106,95,0.3752389191716061,-0.313759193081673
891,106,96,0.46011160683387653,-0.12324698629486452
892,106,99,0.3391573372931317,-0.23409217666951465
893,106,100,0.2002675241647327,0.19213895845083795
894,106,101,0.4839902423457588,-0.000643803561153844
895,106,116,0.4548856336456465,0.05167023985858299
896,106,124,-0.08102406295034975,-0.3555489708939785
897,106,126,0.25079768071312425,0.19487957674883638
898,106,128,0.10976246221111424,-0.20277184972673223
899,106,130,0.0007826842426403302,-0.1574258934622635
900,107,44,-0.09826575508717383,-0.2940738419650721
901,107,53,0.4645041172224965,0.2869927465580626
902,107,63,0.07724734029404573,-0.29014396652456237
903,107,67,-0.11935584068570554,-0.3949569386541265
904,107,68,-0.3456587874953839,-0.43331185356451096
905,107,90,0.4906410983817424,-0.28733050051150455
906,107,92,0.34372500836561815,-0.28191599423357294
907,107,94,0.469403877441611,0.1583906232486143
908,107,97,0.14828148738950336,0.08726088300894741
909,107,102,0.25528488726697873,-0.12686181046128392
910,107,115,0.3178274894497115,-0.32893511796708075
911,107,125,0.005939385140387943,-0.04929279244386153
912,107,127,0.2199040578485393,0.028831010150386915
913,107,129,0.4452738171256563,0.3077816418817071
914,107,131,0.11701488542200916,0.11140725965016729
915,107,132,0.2504052122735012,-0.05022080246438709
916,108,44,0.407685339299039,0.05265793873749158
917,108,63,-0.05073573835868547,-0.29345589179397735
918,108,66,0.057938692669750214,-0.46581218008213227
919,108,68,0.4539551711712273,0.3093069228037951
920,108,90,0.401861725962714,-0.00554437583617956
921,108,95,0.15267380368771138,0.03361746297825918
922,108,96,0.26467854219009057,-0.22613311137015346
923,108,102,0.3051593216118139,-0.017685185413701343
924,108,115,-0.2624293164913113,-0.34064672479996794
925,108,126,-0.40628334950568884,-0.42649324260983823
926,108,127,0.33017052319025286,0.2076588189194779
927,108,128,0.459075837146853,0.39325824788931596
928,108,129,0.4975514061507396,0.26506416710475056
929,108,131,0.37713574833680297,-0.25553173704922827
930,108,132,0.4116255489049084,-0.009781216828334549
931,109,44,0.33997386394496065,-0.291492211246258
932,109,60,0.4985078254178414,0.34548940827271246
933,109,61,0.3957810696419673,-0.42333476764727057
934,109,62,0.45261659948944133,0.254874364356925
935,109,64,0.4883586023676323,0.40631473212400027
936,109,65,0.30443578103758323,0.15795861151229718
937,109,69,0.4758319656088949,0.4068665797096809
938,109,91,0.15676461995726254,-0.008561324141467985
939,109,94,0.4737832712135871,-0.3199454163609886
940,109,101,0.3693522184254648,-0.2413591770288736
941,109,114,0.09010165335161138,0.02583231815248732
942,109,131,0.4196301290027692,0.3722499260764769
943,110,44,0.4837645373704169,0.41768873944298446
944,110,48,0.4471251987119031,-0.05862776306685086
945,110,60,0.22704039430840733,-0.399896083954222
946,110,69,-0.28775557729517287,-0.35831670689073747
947,110,92,0.3881113561404732,0.0014079839771530267
948,110,93,0.4506550409909992,0.2098744689896056
949,110,94,0.28621699508680554,0.1048584007004777
950,110,101,0.4132900205435036,0.12570821842807722
951,110,115,0.06535994405005163,-0.32722069516412927
952,110,117,0.1347922141642005,0.025161578712586508
953,110,118,0.30605773943991044,-0.0030228066836190948
954,110,131,-0.327455570440278,-0.4177330361426771
955,110,133,0.4143913310059231,-0.39429579035705636
956,111,5,0.09735597818588822,-0.0413771039692466
957,111,44,0.18381409511938193,0.010656702125614537
958,111,46,-0.2839800805570874,-0.37713196562784307
959,111,47,-0.18594336331953576,-0.46940225032267946
960,111,49,0.45334411738266245,0.12316780044705822
961,111,50,0.19176937246899556,-0.4587709910939152
962,111,51,0.39235609479234207,-0.1437230420985463
963,111,58,-0.0292158625876485,-0.03927595712278614
964,111,59,0.45525439060872497,-0.4129970660473665
965,111,70,0.3440549485757102,0.3208681189062992
966,111,71,0.2946744247247044,0.26758057136013524
967,111,101,0.4246460024491962,0.3840191528394835
968,111,116,0.3350007769607689,0.1510690742875892
969,111,117,-0.24527841500484251,-0.39090699454726907
970,111,132,-0.17875668012052487,-0.41005423950173436
971,111,133,0.4229287689635464,0.38492933563919773
972,112,6,0.392480164680707,0.034447609756441344
973,112,45,0.40055764092843504,0.355907623225034
974,112,52,0.013371099707423992,-0.07241643199386738
975,112,69,0.17264410785755974,-0.32151281099431306
976,112,102,0.0481576142166128,-0.15957443927433135
977,112,116,-0.08551410603452536,-0.38665720984327956
978,113,5,0.20759024559198358,-0.08449368870403373
979,113,52,0.35338777390299625,0.0486873895001928
980,113,102,0.12378784742806292,-0.17959736670357168
981,113,117,0.4781453418405357,0.09585255384990532
982,113,120,0.2344402042695003,-0.0654175713821426
983,114,6,0.35999371016246373,0.28808537950725477
984,114,52,0.018231601502438438,-0.12629506167702698
985,114,102,0.4619794375872061,-0.1708811548696682
986,114,118,-0.22589354473336337,-0.4565950948298108
987,114,119,0.3932708534444469,0.37132446860303603
988,114,120,0.18845400721701727,0.007195463754882114
989,115,7,-0.23593883666827545,-0.3804907835611784
990,115,47,0.3436390498475137,0.23141534128324448
991,115,48,-0.3835903149535399,-0.4124962064419338
992,115,49,0.17389385267827762,-0.2624465285205341
993,115,50,0.13289855428137481,-0.0269343448502552
994,115,51,0.06332406910544383,-0.1355009975220648
995,115,72,0.22453280606305748,0.21053679331386188
996,115,75,0.2016230017956494,-0.46421456978463527
997,115,78,0.3507717279296026,-0.4740128818637626
998,115,91,0.0849501278358329,0.07376290803540786
999,115,92,0.22044685408596187,0.11378357478247936
1000,115,93,0.31736526996339565,-0.36853485514028095
1001,115,94,-0.0919195115649089,-0.4955419573396152
1002,115,95,0.18420871477499196,0.06619141667851192
1003,115,96,0.4547845282784724,0.21695965355837443
1004,115,97,0.1101332077822026,-0.08318060763445712
1005,115,98,0.23539884131487016,0.20319901546168195
1006,115,102,0.31280628718370385,0.23815470441606434
1007,115,120,0.16252184949127335,-0.4799169131323783
1008,116,8,0.22504167451601564,-0.39133731576148456
1009,116,47,0.43404753394654033,0.35800899626507254
1010,116,80,0.49870067528298023,0.0942991209779791
1011,116,81,0.11450818672010836,-0.11720038944642663
1012,116,91,0.30711052366985614,0.28947364052929714
1013,116,99,0.47932268915546483,0.42026559108272254
1014,116,100,0.332433611840105,-0.04370064267601348
1015,116,101,-0.21278867930825948,-0.4511579327624276
1016,116,121,0.09839497609898225,-0.09519399253645067
1017,116,122,-0.0931695138837042,-0.43638427285455406
1018,117,8,0.05337486586219349,-0.11341075222563457
1019,117,9,0.334361604563168,0.10224120347107124
1020,117,11,0.27532258924777975,0.18460890225926363
1021,117,48,0.21995501490179198,-0.30501390343214824
1022,117,49,0.3331613711736643,0.25359641509973163
1023,117,82,0.4396229328388638,0.3249251898087213
1024,117,89,0.41806864936217353,-0.20158779832492152
1025,117,90,0.17912260572063304,-0.30866865513196157
1026,117,123,0.12917830426516708,-0.06458867271149682
1027,118,10,0.06557813427207965,-0.4837419215388417
1028,118,12,0.044655920177244846,-0.3980121876951519
1029,118,13,0.29061252287978717,-0.01781156850559862
1030,118,50,0.22596552895093797,-0.3911117133199709
1031,118,79,0.4862325743787928,0.12119157201671849
1032,118,83,0.46170471092726867,-0.038172155688027176
1033,118,86,0.4537972569710494,0.34616290638328984
1034,118,87,0.3286477027396592,0.16795639954917996
1035,118,122,0.4695797115151056,0.21801298349402898
1036,119,12,0.47038992538140945,0.4473040360335955
1037,119,14,0.24493757854786485,0.1586017138846988
1038,119,50,0.0537753922229407,-0.2167781251907746
1039,119,77,-0.13215300125231688,-0.4898093609119218
1040,119,78,-0.025311986513037607,-0.11545002935849003
1041,119,80,-0.15127282359202024,-0.15414458881350818
1042,119,122,0.23844331468201807,-0.1912469084576277
1043,120,15,0.1294921110842987,-0.3527236829350695
1044,120,16,0.32138695962565755,0.13938970761505665
1045,120,43,-0.00883406901667838,-0.3331172449360354
1046,120,44,0.41051866204138,0.14617857334476347
1047,120,45,0.29037037061274,0.27330461108186743
1048,120,46,-0.15008247881030792,-0.15965793676759543
1049,120,47,-0.11182302080643745,-0.13478944362798945
1050,120,50,0.4244034575533183,0.15746986817031672
1051,120,76,0.2788462476502774,0.06292654585126822
1052,120,80,0.2572636978520483,0.239600580734333
1053,120,81,0.18576871911596704,0.11990443773582937
1054,120,82,0.01589316965091009,-0.20097273461835025
1055,120,83,0.06887767160673147,-0.0355900868621436
1056,120,85,0.1960506241619045,-0.20525985057530066
1057,120,89,0.4008134874562424,0.3573808065121844
1058,120,122,-0.07900253049220607,-0.290827203158489
1059,121,17,0.4217934763615933,-0.06068394528494997
1060,121,37,0.08904031303728799,-0.21570263358780267
1061,121,44,-0.32084499059379773,-0.4125078550422887
1062,121,48,0.08111103008620102,-0.4473642390347806
1063,121,49,0.29407885630243014,0.19492363217154396
1064,121,76,0.3467515926357255,0.270679656915663
1065,121,84,0.3503034861225313,0.2409905063627743
1066,121,86,0.17339804084909996,0.16130968748730667
1067,121,88,0.2788364473275817,0.18507817206809085
1068,121,90,0.39930955033911647,-0.1877643674838551
1069,121,123,-0.2640246759857642,-0.4063815976354447
1070,121,124,0.3885951408000866,0.22941987919444162
1071,121,129,0.4620579487971476,0.38111116720055715
1072,121,130,0.19299339586078507,0.1873922233437847
1073,122,16,0.3643638013052042,0.26553886593601894
1074,122,39,0.39187813709148817,0.05301803738598432
1075,122,43,0.3508121585672311,-0.23589911291473215
1076,122,45,-0.249934880120164,-0.2730546120350681
1077,122,47,0.40990644721118036,-0.41496419313323146
1078,122,50,0.4034557076377076,0.30557685250445477
1079,122,51,0.040584961055589314,-0.035980909371813974
1080,122,77,0.41755535748070155,0.1477249886759615
1081,122,78,0.44076179350134326,-0.35122154732861244
1082,122,84,0.18335906241645067,-0.4167636068195419
1083,122,87,0.2996085622468985,0.2885733088010759
1084,122,89,0.39190416219190694,0.18552180238640192
1085,122,125,0.3493250637402313,0.3297112326500897
1086,122,126,0.36531770759722304,-0.13989905947667491
1087,122,127,-0.20436322421596112,-0.4098775281520476
1088,122,128,0.29916251366134067,0.27050969957680393
1089,122,130,-0.08415409076765698,-0.11910928924369907
1090,123,17,0.007524094938142101,-0.1901052403916676
1091,123,24,0.33281133547537056,-0.1210214745554739
1092,123,39,0.12862142187906994,-0.16291033386545195
1093,123,42,0.3343594964912302,0.043684427562972306
1094,123,46,-0.3611340025157815,-0.4378675467185012
1095,123,48,0.20699807759380168,0.06961756380893702
1096,123,49,0.19709397648579854,0.030868603392145033
1097,123,52,0.43698282854490395,-0.08383184041816422
1098,123,53,0.392202572295229,-0.27223489193733047
1099,123,55,0.08773253768186515,-0.13141772492898807
1100,123,56,0.4751788327036602,0.44258199680745236
1101,123,57,0.4097207630223959,0.03613046658605368
1102,123,58,0.27807003410354153,0.20829217084042606
1103,123,79,0.13142366300861083,0.1164149977193274
1104,123,89,0.13463791049777424,-0.07576199721113613
1105,123,92,0.3920809534234301,0.2333500861850788
1106,123,130,0.488636254123166,0.3707579065797463
1107,124,17,0.41046787406067686,0.20837961283282325
1108,124,23,0.3927296841136647,-0.10796535250925055
1109,124,40,-0.3051784279554556,-0.4433461989095409
1110,124,43,-0.40490769627172113,-0.4160338444856133
1111,124,54,0.3554028423167836,-0.42655668638388605
1112,124,59,-0.006564004262829992,-0.4695225830158763
1113,124,80,0.3465056019311883,0.25994171664835686
1114,124,81,-0.23220002315407712,-0.29552700722555936
1115,124,82,0.1221800304128518,0.10889141888430254
1116,124,83,0.24474096736510403,-0.36313105690129227
1117,124,84,0.389444996909661,0.20039029286815668
1118,124,85,0.3814848784101663,0.166954017443545
1119,124,90,0.47903879849490133,0.38212167596826563
1120,124,91,0.20157865103452244,-0.07815276167422713
1121,124,93,0.11479246712846075,0.1123356304297547
1122,124,94,-0.2766732331642171,-0.4724131523716882
1123,124,130,0.4906424052456064,-0.49250801642232134
1124,125,15,0.22074587143168684,-0.0025192412559342237
1125,125,16,0.07315269758895326,0.004334809659532257
1126,125,23,0.46932829159542344,0.44129369847739175
1127,125,38,0.18842597737657674,-0.13217551259599825
1128,125,39,0.37492536677491284,0.11446419958635967
1129,125,43,0.3199282337091264,0.04250654582896707
1130,125,60,0.40248700096152973,0.38092233313096924
1131,125,61,0.2537931932244462,-0.33684223562546517
1132,125,62,0.3538290406300434,-0.16514126419607533
1133,125,86,0.3197994098308238,-0.3640406299859219
1134,125,90,0.49029429595195434,0.4496943648195699
1135,125,91,0.006450182086267964,-0.25971380189680515
1136,125,95,0.3747560520558787,0.3283479611060416
1137,125,130,0.15137533894876049,-0.19341949149001686
1138,126,15,-0.4897602051202243,-0.4956248499164336
1139,126,16,-0.13076536053849794,-0.34245780262500386
1140,126,17,0.03482108348820434,-0.339872520346051
1141,126,23,0.28642815192619575,0.16768025323821523
1142,126,39,-0.07769588967241775,-0.4866549014952655
1143,126,43,0.07660831511224103,-0.2995371837550216
1144,126,63,-0.03429724195273415,-0.23405387405337807
1145,126,83,0.08548423318058428,-0.059265030415313336
1146,126,84,0.3937394527937596,-0.3834992999920009
1147,126,85,0.44307233382072553,0.3393849413320672
1148,126,86,-0.4067255455232257,-0.42036348765426557
1149,126,95,-0.15861012628898147,-0.29581531256695776
1150,126,116,0.460322873694442,0.17254980930088248
1151,126,117,0.4877219692898629,-0.10189901589321149
1152,126,118,0.43850019756004405,0.42719668958165247
1153,126,119,0.24962828780689217,-0.29555109690148973
1154,126,120,-0.05487392418914164,-0.08460923426125239
1155,126,121,0.4783292652874399,-0.11041594637300989
1156,126,122,0.3746587931698832,0.3561068684044445
1157,126,130,0.38997987332982426,-0.09887833487683012
1158,127,18,0.19783989664574986,-0.49371922255268696
1159,127,23,0.3981669743761876,0.39697315211617246
1160,127,37,0.3734321839114863,0.3661560588395971
1161,127,39,0.4978911381335322,0.2761138558479215
1162,127,40,0.42473313841741295,0.310529807500341
1163,127,42,0.47043315390124185,0.372333090705701
1164,127,43,-0.12413533154424064,-0.2462542946954912
1165,127,64,0.0016494078285599345,-0.3645510291469237
1166,127,82,0.3816717507555803,0.05733205783465756
1167,127,96,0.20085943918306956,0.003802695444782289
1168,127,115,0.4168344725168876,0.3709852197379627
1169,127,123,0.3636537728609709,-0.18163513365511363
1170,127,131,0.033654326092670855,-0.19678954500816992
1171,127,132,0.3901190797481449,-0.02255053365879084
1172,128,18,0.07797724698858075,-0.17158375942070658
1173,128,23,-0.2739386208790433,-0.3078209907550741
1174,128,37,0.4982655404206809,0.18501679116632486
1175,128,38,0.04582320591084171,-0.44843980016670165
1176,128,41,-0.06944237919505292,-0.12996454720878958
1177,128,48,0.12853574546089414,0.052677161093311664
1178,128,49,0.11656291207108749,-0.3657646881852956
1179,128,64,-0.22083817970173936,-0.31377320227619215
1180,128,81,0.022636831165651627,-0.4445573891897605
1181,128,85,0.40353338336702993,-0.014340250043053282
1182,128,86,0.23734850514185135,0.20379709696824477
1183,128,87,0.35954171957470865,0.3505169943224815
1184,128,88,-0.12474561622892993,-0.26530606307947535
1185,128,89,0.35242275513260346,0.29411196474946977
1186,128,94,0.035808068136205295,-0.40997063455599125
1187,128,95,0.11779795027245847,-0.07131169569514101
1188,128,116,0.31023548453879113,0.20925813971115614
1189,128,117,0.43996979733925656,0.1746075778924322
1190,128,118,0.33506950881432135,-0.2679024785017366
1191,128,124,0.34200302498690993,-0.08753556724359168
1192,128,132,0.2595987860657154,0.11123555125957219
1193,129,5,0.4625542151135569,0.439174847077046
1194,129,18,0.4262040903488964,-0.2564430333580605
1195,129,23,0.00180351162683845,-0.2888158990279045
1196,129,37,-0.10004452209241377,-0.33589684111005563
1197,129,38,-0.12000241238985236,-0.21295218719857661
1198,129,41,0.23921898879204262,-0.07539770617918129
1199,129,42,0.12629354072051857,-0.28918437780176864
1200,129,47,-0.012046692697623675,-0.03297308591390152
1201,129,48,0.09810900845356246,0.0771938449588393
1202,129,49,0.4468420620927432,-0.16749443983862206
1203,129,63,-0.1166677555615272,-0.30752758889178156
1204,129,81,0.09829295594409848,-0.4702487155105909
1205,129,83,-0.05202036562823281,-0.2689910481223601
1206,129,84,0.2640246800574822,0.07680419225016522
1207,129,90,0.22185727818911716,-0.3368800094552383
1208,129,92,0.42398164112956693,0.1419571001645108
1209,129,93,0.3870850155942549,0.36738108992503604
1210,129,118,0.3104549139036134,0.1637348664564422
1211,129,125,0.4931094318213253,-0.19215237785334538
1212,129,126,0.4781943654257831,0.44383449055274393
1213,129,127,0.4524832778572062,0.11599055223846733
1214,129,128,-0.205310738158968,-0.3955958478274883
1215,129,129,0.03656974407752869,-0.20240285848182826
1216,129,130,0.14670062961490582,-0.45051470964725115
1217,129,132,0.46818724009529716,0.28048067595041126
1218,130,19,0.0008905985039406872,-0.30403712878370914
1219,130,24,0.2736972928404084,0.1653185314322686
1220,130,34,0.4130569730221082,-0.36673738064389316
1221,130,35,0.49807148267498336,0.20415676419016437
1222,130,36,0.39621544890588517,0.18806765349692844
1223,130,37,0.28565650414446053,0.19196519631933917
1224,130,38,0.48938322071341267,0.4348584492427928
1225,130,45,0.4244885979751168,-0.16261553250415334
1226,130,47,0.2763599736893938,-0.33209596370213423
1227,130,50,0.48290539141590266,-0.05157153324232017
1228,130,61,0.22992891101258717,-0.12090705819410097
1229,130,62,0.40182588070109304,-0.39688066198353344
1230,130,63,-0.11785682962661473,-0.2805697997086838
1231,130,67,0.4294131042683129,0.23969700825407547
1232,130,82,0.3243458892871446,0.22393447882922735
1233,130,91,0.027984833185144053,-0.2088060499140179
1234,130,117,-0.1511922191133459,-0.42406788467548734
1235,130,131,0.061840127191864436,-0.22654382335408496
1236,130,133,-0.09729425819431739,-0.11864465792866441
1237,130,134,0.27195947410136745,0.19977644016748664
1238,131,19,-0.17753026772640515,-0.3732343899053079
1239,131,23,0.46525857705642154,0.37230856998945183
1240,131,33,0.04665320475204321,-0.35911991934560406
1241,131,35,0.10849076747623898,-0.49379710860413595
1242,131,38,0.1557380209754759,-0.20610061609552394
1243,131,39,0.4527433787753067,0.37645676623091573
1244,131,40,0.42962624262422744,0.34362839543022017
1245,131,42,0.004904549630455224,-0.29962948490928987
1246,131,46,0.3226860645550014,0.30933845013732897
1247,131,48,-0.01999916848252481,-0.3127588289795197
1248,131,49,0.03477606694906774,-0.007538203459131587
1249,131,57,-0.12610147506847674,-0.44669286847402123
1250,131,58,0.06624261007334804,-0.10125783639020003
1251,131,59,0.14449410628524115,0.10201456053781499
1252,131,60,-0.16837877700626996,-0.44954476909866575
1253,131,61,0.041608477348113015,-0.4648851850310617
1254,131,62,0.3283010683396786,-0.005410718743522891
1255,131,64,-0.2717735571488891,-0.2760358911027323
1256,131,65,0.4384206747650743,0.263362409357517
1257,131,66,0.24717205857013252,-0.3869411922066494
1258,131,68,0.29964689936346095,0.01567702238703028
1259,131,101,-0.16183407830307078,-0.4783866657131531
1260,131,102,0.14938765064614432,0.044601678909605535
1261,131,117,-0.1255770426346453,-0.30996251471647374
1262,131,132,0.41015330401655997,-0.1514314794546418
1263,131,133,0.09607943356381482,-0.26589337946236524
1264,132,19,-0.24485824852884275,-0.2995452913442744
1265,132,20,0.44568339849208904,0.28064986841487605
1266,132,21,0.3898489047612304,0.16208711741867
1267,132,22,-0.1950011673099623,-0.30677087262260383
1268,132,23,0.13509566736850775,-0.10290778861339561
1269,132,33,0.23103784859420218,-0.19020184257788486
1270,132,34,0.21947606984404644,0.0553977127548988
1271,132,35,-0.18330568280941864,-0.37988720110360824
1272,132,36,0.1826939410168793,-0.2048200245974261
1273,132,37,0.11984757746178715,-0.21985450193507355
1274,132,41,-0.05477843452209197,-0.3778760349332831
1275,132,47,0.440278129247918,0.4317322331373189
1276,132,48,-0.3257432631215478,-0.48028650268874395
1277,132,58,0.02834761898622117,0.0026449127829494268
1278,132,60,0.46931075215683676,0.20382904090700082
1279,132,68,0.32350186916366486,0.1440098733046946
1280,132,100,0.4791185479523789,0.3851252587461159
1281,132,103,0.4701218180285326,0.14410351941971622
1282,132,104,-0.02763010699309809,-0.4311662182200692
1283,132,107,0.44579647450016,-0.35870378430947536
1284,132,108,0.3398673790988275,-0.010918333643093414
1285,132,114,0.20852154716951213,0.19920600729675875
1286,132,117,0.4802757291568281,0.20323343972271246
1287,133,38,-0.09220842694358743,-0.18540901189053915
1288,133,39,0.24645311959360394,-0.4137708615677007
1289,133,40,0.2455742716449989,-0.24831037290104924
1290,133,58,0.26106235198534755,-0.05409076931158291
1291,133,61,-0.2760038802067767,-0.4450206750687205
1292,133,68,0.4688577097206103,0.4128626337397956
1293,133,69,0.018233005215034903,-0.18672878188915293
1294,133,99,0.023581662653174712,-0.15534932429750642
1295,133,100,0.189340649158325,-0.18971494744029394
1296,133,105,0.4607687552767357,0.4070209202389944
1297,133,106,0.4344251256158054,0.40448918833570013
1298,133,109,0.4687675923990504,0.22812547186524013
1299,133,113,0.4307437247008299,0.37507547243856687
1300,133,115,-0.12888946026994505,-0.2878621365737092
1301,133,118,-0.07561501236043405,-0.29095452829777546
1302,133,119,0.49697638737676253,-0.017784416671932757
1303,133,120,-0.18674594633395164,-0.1873789690829349
1304,133,121,0.46918609131794076,0.34646824686856426
1305,134,57,0.35395964079537184,-0.013127149427507534
1306,134,61,0.2539515436642845,0.09658749302280112
1307,134,70,0.4412213781379967,0.003974443604447209
1308,134,98,0.16710091871424473,0.13590330242448878
1309,134,105,0.47364336382889516,0.29152596515835183
1310,134,106,-0.10605464912908161,-0.18780542792388338
1311,134,109,0.4131059366778036,0.404092263005433
1312,134,112,0.24758481712467098,0.21349446054673227
1313,134,113,0.32968963963892906,-0.29783283224942825
1314,134,115,0.012710090708640376,-0.452515093092027
1315,134,116,0.24296370411203946,0.2363283689119008
1316,134,117,0.35303266071323824,-0.1965498934692912
1317,134,121,0.4494719506218763,-0.2973767322615132
1318,135,58,0.47967583306212525,0.2995474080686994
1319,135,59,0.4471045015368318,0.39814362560376915
1320,135,60,0.4909239516458503,-0.23563235355759898
1321,135,61,-0.14387170100628965,-0.21799412204581098
1322,135,69,0.15502820536265355,-0.42954924442245507
1323,135,71,0.3674875396744545,0.13720036052315443
1324,135,98,0.4056171358575116,0.25195454171909815
1325,135,109,0.3215949826481121,-0.09337878890779827
1326,135,110,0.15551942944268354,-0.36549677829205135
1327,135,111,-0.3036639213339213,-0.3317920954842818
1328,135,115,0.3554072161657304,-0.056516148897240326
1329,135,118,0.18209465211056317,0.16716949199807352
1330,135,119,0.4879388297659767,-0.11367590064447852
1331,135,120,0.40636951047763964,0.32563915733351634
1332,136,68,0.3211086303373994,0.25719081833172963
1333,136,69,0.45760159057160693,0.14833511736229676
1334,136,71,0.47362240274720463,0.44595671280729166
1335,136,72,-0.26892826506628753,-0.40322129889083147
1336,136,98,0.4288163480183495,0.3898318787627383
1337,136,108,0.4891253042396356,0.08461889250623778
1338,136,109,0.48401426889239624,-0.14257169715540802
1339,136,115,0.1613711056938097,-0.10272412208956844
1340,136,116,-0.019802877569580324,-0.4101093317882563
1341,137,68,0.4263199522664181,-0.4055725376950327
1342,137,70,0.18498064277673917,0.13869395075048985
1343,137,73,0.17148986580244474,-0.35270741696579333
1344,137,77,0.44566241771497284,-0.04292057977725383
1345,137,98,0.35309348562210463,-0.3551418801284367
1346,137,108,0.4440145830970779,0.4093650600502633
1347,137,114,0.41086699195604953,-0.30639551263535886
1348,137,116,0.24039768805690698,-0.00017696121674565246
1349,137,117,-0.04875760000356355,-0.3100744765103396
1350,137,120,0.42075326716054634,0.4204310754841386
1351,138,66,-0.13781858172963934,-0.4136588159612495
1352,138,67,0.32141658215655966,0.05172368250483661
1353,138,71,0.21430171346278104,0.10422248727722949
1354,138,73,0.31204388887001666,-0.018891345353675038
1355,138,76,0.48109357159640637,0.28338599322156977
1356,138,78,0.3419432196414827,0.05279017746697501
1357,138,98,0.30622360357518197,0.21076400202076084
1358,138,108,0.4834685513911994,-0.46137440072554914
1359,138,112,-0.22426090368779467,-0.44243674471393013
1360,138,113,0.48101699651794094,-0.2984601248259966
1361,138,114,0.43552376776407953,-0.29399681291947743
1362,138,118,0.22465283905205052,-0.045532127815778534
1363,138,119,0.3945732238885501,0.299796355447721
1364,138,120,0.49644197980026483,-0.3467655576985308
1365,139,66,-0.2049218947499408,-0.3452780707660888
1366,139,68,0.4546680665072164,0.4389986246858867
1367,139,69,0.1741385876879616,0.1611900682664843
1368,139,70,0.48640597075499514,-0.02790935841373754
1369,139,71,0.07158100029664066,-0.26263524426719376
1370,139,74,0.3824430916778672,-0.07797658126556684
1371,139,75,0.4252120283703411,0.3821798234609731
1372,139,76,0.4385770683287431,0.41626608326065173
1373,139,78,0.21149686706810966,-0.09063792772454349
1374,139,79,-0.36710058772805687,-0.44226340898379585
1375,139,99,0.24557157343257402,-0.045660247257172715
1376,139,100,0.40632307382596117,-0.269315987329456
1377,139,101,0.25688317498722674,-0.00929000547672093
1378,139,102,0.22016026172543832,0.14330410368159308
1379,139,108,0.10673102061485136,0.06644787599143787
1380,139,111,0.4265996643424302,0.3909808601228536
1381,139,114,0.40126614826319074,0.16962941097330153
1382,140,63,0.4043148551155353,-0.00865953352105231
1383,140,64,0.48246160601156163,-0.47578653373337476
1384,140,65,0.29053541702746993,-0.009638554225050389
1385,140,67,-0.23867457520943994,-0.4117169822044877
1386,140,71,0.2617145290244328,0.16124895153641816
1387,140,76,0.2680272973436393,-0.21554278913752145
1388,140,80,0.16526618414551214,-0.27939489376065485
1389,140,102,0.27066846196456784,0.02110418220066479
1390,140,111,-0.003954757091697042,-0.23215662923637898
1391,140,115,0.049534292480006424,0.032268990473891535
1392,140,116,0.42755078036619854,0.19801667203017537
1393,140,117,0.26852129066155234,0.17542480466690447
1394,140,118,0.41862079694983506,0.10007818404437718
1395,140,119,0.36215109061539064,-0.26571119172860425
1396,140,120,-0.26997330775783807,-0.3652678731321751
1397,141,63,0.4787209372217517,-0.4196288428221977
1398,141,66,0.3733739693081791,-0.10449354901311914
1399,141,70,-0.4749796485066858,-0.4778305937972511
1400,141,71,0.3831780532515248,0.21440041564641354
1401,141,77,0.3709146510867296,-0.272822527271271
1402,141,80,0.2798833282494483,0.17533556318846066
1403,141,102,0.49723718553981955,0.4436166724634246
1404,141,111,0.3123532278388676,0.3091913761246159
1405,141,120,0.4748794179758533,0.20271441432345183
1406,142,63,0.04769865712970359,-0.18975318953862524
1407,142,66,0.12967592779123116,-0.03065751257517979
1408,142,70,0.43921697922626945,-0.1278884881080693
1409,142,71,0.17372538221270378,-0.22353477037976494
1410,142,77,0.2898263117009126,-0.17953716741767622
1411,142,78,0.28273510250683587,-0.19518098348562013
1412,142,80,0.42877936556524243,0.058394605026750535
1413,142,81,0.38117007305592276,0.2876137636124926
1414,142,82,0.14300870376886715,-0.039027966026592475
1415,142,99,0.04710572795008461,-0.2186558555730544
1416,142,100,0.11076744947696954,-0.18452609173757645
1417,142,101,0.36912658386611,-0.14694798205400467
1418,142,103,-0.1610791269094598,-0.3705784430706053
1419,142,104,0.0849960829062597,-0.27135046485102077
1420,142,105,0.24829680828310197,0.23882351509679234
1421,142,110,0.12891911706117648,0.06961154281166326
1422,142,120,0.0011589225995047303,-0.22826386535448584
1423,143,63,-0.2813104040215415,-0.36354743234840503
1424,143,66,-0.23355472017545229,-0.40117237020406515
1425,143,68,0.2515528371983505,0.19607264439079797
1426,143,69,0.4902996371708174,0.35309279150278317
1427,143,78,0.40763993606015486,0.39826519312966
1428,143,83,0.47747137729874545,-0.1742809864092263
1429,143,84,0.45805117386028454,-0.2148624937165659
1430,143,98,0.47998184509092695,0.4351240666874404
1431,143,102,0.3151276028660636,-0.05519787410860638
1432,143,103,-0.016651978591310013,-0.4242929727020258
1433,143,104,0.17195356195901335,-0.10088806539400469
1434,143,105,-0.04733972222943367,-0.4784430257383361
1435,143,110,0.10691446711375402,-0.12525827050716393
1436,143,111,0.30422904319629623,0.05715329242254974
1437,143,112,0.09909840342706211,-0.1828595659791002
1438,143,114,0.3864645708246969,0.24399878318785084
1439,143,120,0.27615790884094044,-0.44923144988546587
1440,144,63,0.24644330588942948,0.14440897040733292
1441,144,66,0.33392660131211943,0.11145481405393565
1442,144,78,-0.31933167358517445,-0.49417260527104057
1443,144,85,0.07574186239076963,-0.44076839021009107
1444,144,98,-0.2081626332722999,-0.2701552858122081
1445,144,108,-0.3352454134885472,-0.4186705068773126
1446,144,109,0.31833825273490174,0.303629277258499
1447,144,113,0.4934744074078787,0.05250103093549119
1448,144,115,0.4374564897892559,0.16341120826690825
1449,144,121,0.33461062355603594,0.009343463152317932
1450,145,41,-0.030252822485540364,-0.04438244024060717
1451,145,42,-0.05664676674702564,-0.1763216626871688
1452,145,43,0.4199164071964983,0.13066792840860675
1453,145,48,0.07134851565668228,-0.010755135772611946
1454,145,49,0.49939145792783973,0.30188131169424204
1455,145,54,0.1535043293721454,0.13529773432819125
1456,145,55,-0.06870721251732265,-0.42644363747455694
1457,145,63,0.4902161126392857,-0.061652026096996104
1458,145,64,0.23623468377057943,0.12469970502156036
1459,145,65,-0.021095202272517044,-0.32168611802025526
1460,145,67,0.40035263116878395,0.30430627758023454
1461,145,68,0.3015670378147699,0.2414318459103426
1462,145,78,0.49868813240035703,0.26702450471584704
1463,145,79,0.2705472263213051,0.12096357421922521
1464,145,86,0.4101922047870059,-0.3006616041170138
1465,145,98,0.47551191665544434,-0.3203678258199374
1466,145,109,0.4298461570056421,-0.19766037696170402
1467,145,110,-0.1532897621325864,-0.27917982935202834
1468,145,116,-0.010133118875366942,-0.32944473651524003
1469,145,121,0.07590705099363221,-0.310061907437883
1470,146,43,0.05409231386767778,-0.10099099237908554
1471,146,44,0.3009378055937456,-0.4284191870945434
1472,146,45,0.4673156595374153,-0.2548436496303311
1473,146,47,0.19345910676411132,-0.05381648580994375
1474,146,49,0.37201378717574657,0.3521576987906433
1475,146,50,0.1644084956249418,-0.20884533065101518
1476,146,53,0.35519019179498423,-0.013455645618386969
1477,146,55,-0.2624786628937603,-0.47239600018242495
1478,146,61,0.4550138260301575,0.339327240071842
1479,146,62,0.011084307155421025,-0.4869306203586811
1480,146,63,0.4083163732203755,0.27235397176231546
1481,146,66,0.43346057583262787,0.21881671574545347
1482,146,67,0.19055894976461865,0.17887825412156844
1483,146,78,0.2220814118649614,-0.2078474227079245
1484,146,79,0.25897183503358345,0.1799964661886455
1485,146,86,0.37967996272892224,-0.35379032498504226
1486,146,96,0.28373150337187025,0.004351656530435455
1487,146,97,0.42400068805417546,0.2631871288557003
1488,146,98,0.46185317700212963,0.041324664403960876
1489,146,99,0.4671247672978833,-0.14535864919929964
1490,146,100,0.28133973880674956,-0.35092465149130947
1491,146,101,0.3730245001067671,-0.41960921277874025
1492,146,102,0.22912829254209666,0.11517667549504063
1493,146,110,0.3692118123767928,0.032587653144150686
1494,146,111,0.3117707650387047,0.030446529937038225
1495,146,116,0.35333920482136033,-0.31101391006872775
1496,146,121,0.44084790020559705,0.35672861728114924
1497,147,43,0.40115368918912064,0.3503584125555138
1498,147,44,0.3404107674831219,0.32015792433577506
1499,147,46,0.23969274859570666,0.08797089432232796
1500,147,47,0.3203011530184067,-0.052314516748213635
1501,147,48,0.328596538086719,0.2710878046525854
1502,147,49,0.3448842870494098,0.32183479465107423
1503,147,51,0.41568452321349003,-0.30670116611347187
1504,147,52,0.04058136454043282,0.022728028623848817
1505,147,56,0.05395522556771573,-0.18631145420547812
1506,147,66,0.46613407475495217,0.0449086742038054
1507,147,68,0.22589737314592787,0.2080453166178865
1508,147,69,0.4580901948465076,0.37735773330955624
1509,147,77,0.2228843427049696,0.16610103138504584
1510,147,80,0.33365328477847156,0.28780389205701906
1511,147,83,-0.018919833822735654,-0.19329105162669896
1512,147,84,0.2143641068063209,-0.06529377349067822
1513,147,85,0.462306668715772,0.35032454401184066
1514,147,95,0.3122067338998518,0.015473886594218889
1515,147,99,0.32776408528773804,0.2814758468473566
1516,147,100,0.4971097946733928,0.3152574638075072
1517,147,101,0.11349442308502378,0.03976888465743167
1518,147,102,-0.005568065882654016,-0.09661163455221555
1519,147,103,0.4280581570872304,0.16307508929276715
1520,147,104,0.38713944243367593,0.1518264102027218
1521,147,105,-0.048814468545693934,-0.408319187281508
1522,147,111,0.44700246704179225,-0.35717754239065014
1523,147,112,0.3509149847581885,0.1677797731849887
1524,147,113,0.12876000766769224,-0.41292072566469884
1525,147,116,0.3587809813833125,0.20626814229605162
1526,147,122,0.43538208567129205,0.3956990815306437
1527,147,123,0.2746134050563126,0.1088449890404497
1528,147,124,0.37800871729353497,0.34276299685004175
1529,148,50,-0.04360064917370682,-0.35926895067086095
1530,148,51,0.19196673119788116,0.15024509196153946
1531,148,55,0.09185398711529337,-0.04024343204927555
1532,148,56,-0.15502095594177,-0.30560427311535565
1533,148,65,0.4161052733655864,0.024178276374607788
1534,148,69,0.4304665459649627,-0.08708006833076487
1535,148,77,0.30703750487872616,0.1396093245793062
1536,148,79,0.31622938041409093,-0.03578064584255192
1537,148,84,0.08694833274173056,-0.027757713814739737
1538,148,85,0.3965253234259236,0.06832485409246547
1539,148,86,0.3435576340912007,-0.03015133535500486
1540,148,96,0.34993993045884325,-0.42141307558079505
1541,148,103,0.39971688391225646,-0.24719527114850237
1542,148,104,0.43697538844798867,0.19752298678870628
1543,148,116,-0.07811209929710744,-0.3148502660072331
1544,148,125,-0.042476006218549245,-0.4709977465534802
1545,149,52,-0.37657826313105947,-0.43414576454134823
1546,149,54,0.4544486660042945,0.41570778103542616
1547,149,65,0.44567322376773477,0.15916319335495588
1548,149,66,0.2885394280227771,-0.326741651347737
1549,149,67,-0.006142005101242527,-0.06673962841089359
1550,149,69,0.4908911805907019,0.36143058267299555
1551,149,78,-0.0002110650200681241,-0.3413141759503168
1552,149,80,0.35466781743101694,0.3521864035326939
1553,149,87,0.3565881875028627,-0.19391987380290965
1554,149,88,0.3426124748264563,0.3122729579140776
1555,149,89,0.31839233243841847,-0.35150351688224457
1556,149,97,0.453871456137361,-0.07170744866102607
1557,149,98,0.3762135652472276,-0.09338212349518515
1558,149,116,0.31894106587660837,0.2897877232895105
1559,149,126,0.17291450914277295,-0.2662836191597192
1560,149,127,0.29387179196547586,0.2576152888853229
1561,150,5,0.36648500109221727,-0.08929426743881563
1562,150,6,0.21635254061898013,0.05569322221766704
1563,150,7,0.49023155894737824,-0.02141142443071331
1564,150,8,0.40492652912811794,0.1822567410931113
1565,150,53,0.23624801709086352,0.12708145197497867
1566,150,68,0.15647094229773068,-0.06302538472380614
1567,150,69,0.20668978124814313,0.1033041362054038
1568,150,70,0.01351323809591664,-0.009670072333356872
1569,150,80,0.051010546353521355,0.021436767321194816
1570,150,81,0.4500064226586747,0.1837708079817647
1571,150,83,-0.3720813762154042,-0.48964590851829415
1572,150,90,0.17186405210224642,-0.2242875461562951
1573,150,98,0.3500076413745202,0.2613653702329589
1574,150,111,0.4021342690762508,0.3851597620030235
1575,150,116,0.35914692409295834,0.16269933212723697
1576,150,128,0.4371637530714412,0.19663610581638402
1577,150,129,0.292808973788931,0.27589672472126836
1578,151,9,0.4831974948854417,0.14828204754647634
1579,151,10,0.37029327520599964,0.1053448417733851
1580,151,11,0.49687234277247205,0.3769168695297127
1581,151,80,0.3726307418444039,-0.24599190678360738
1582,151,82,0.4205464530022914,0.36710906829543366
1583,151,83,0.31357350789801547,0.295103472736028
1584,151,91,0.2159880965353363,0.1499316664454733
1585,151,99,0.24978374769051936,-0.47773195051251505
1586,151,112,0.17982035896233856,-0.4354673308812577
1587,151,113,-0.2797985984978909,-0.41812805975961775
1588,151,115,0.27425672198282525,0.21406153846650544
1589,151,130,0.36417503726202666,-0.20826920786972286
1590,152,11,0.10748916290648214,0.10292144289100291
1591,152,81,0.37151071295219146,-0.1789694501239743
1592,152,83,-0.0654176667485338,-0.07408403725790319
1593,152,92,-0.22944471881238448,-0.3748389294094975
1594,152,100,0.38051916524769713,0.15619832467699524
1595,152,114,0.33123946119352604,-0.47852720876433513
1596,152,115,0.44849878944087757,0.44777619529223167
1597,152,116,0.002200953145979123,-0.3522721228591924
1598,152,117,-0.2177222463646485,-0.33204876853495097
1599,152,131,0.43292683381714947,0.4196064911388624
1600,153,11,0.37990766839988055,-0.36177665907008894
1601,153,82,-0.22010601163050453,-0.25968718289445913
1602,153,84,0.4066425199771281,0.29732647729204464
1603,153,85,0.48683810428488883,0.0223926041173218
1604,153,86,0.4297467841290209,-0.4924343374100246
1605,153,93,0.36492885243356554,-0.3459777739897194
1606,153,100,0.3280937767778636,0.10984825028079692
1607,153,118,0.45322501800836507,0.1554930823520061
1608,153,132,0.3221701139569499,-0.21099799155101745
1609,153,133,0.19120636453875012,0.185923494008032
1610,153,135,0.37132295609509613,0.20243307825433532
1611,154,12,0.21019954261022544,0.06432601257546111
1612,154,13,0.4217880191083115,0.3295259247000035
1613,154,83,0.010094827538179946,-0.22331531831190715
1614,154,85,0.4240636290516886,0.4105699019580322
1615,154,94,0.1301943578018204,0.09980577996997231
1616,154,95,0.3574209230285579,0.23166289916163174
1617,154,100,0.4065112112571222,-0.08182545798556295
1618,154,118,0.44353743210604457,0.41799350356621434
1619,154,134,-0.4131611016178346,-0.42621794265344315
1620,154,136,0.3486047170714697,-0.010120495368933724
1621,155,5,0.47673794637825306,0.4179468848376937
1622,155,6,0.2556200285389876,-0.15958078436302636
1623,155,7,0.4880641497310185,0.24358214757992191
1624,155,8,-0.17471534128429156,-0.24839396395271762
1625,155,14,0.23213231645947982,0.11473451998336648
1626,155,83,-0.17123391609527017,-0.2748834992138245
1627,155,84,0.20907703023112678,-0.13552461237013103
1628,155,85,0.43940767686139687,0.02058344217384578
1629,155,86,0.4106239923518781,0.04496469190142394
1630,155,87,0.43765109166786437,-0.2795136995929179
1631,155,96,-0.011311392305943968,-0.2753327306046039
1632,155,97,0.10270892423144118,0.06059527520484875
1633,155,98,0.42240956775378297,0.38297692696212493
1634,155,99,0.49130966307253204,0.36997505788293106
1635,155,100,0.37625395058166844,-0.3288808487798517
1636,155,118,0.49198876938398206,0.20302360447873868
1637,155,119,0.14396430765062895,-0.31531529194728747
1638,155,120,0.30879453615630775,-0.12365418548815399
1639,155,121,0.35613840347421616,-0.45694826216190304
1640,155,123,0.2701934789427573,0.0910683388619703
1641,155,124,0.3246931243856916,-0.21283134301828716
1642,155,126,0.24424010296237597,-0.4792312102601428
1643,155,127,0.4449788896681972,0.41464840498385414
1644,155,128,0.3643137057787914,0.34997614530900123
1645,155,129,0.4892657122680458,0.3514155285815507
1646,155,130,0.2517357461748307,0.01856205615386375
1647,155,135,0.47713219209337,0.410990780586473
1648,155,136,-0.07316172210250949,-0.4039329776184646
1649,156,9,0.03268115009330491,-0.07901996496863234
1650,156,15,0.4602436285476942,0.3540730681249845
1651,156,122,0.13892537510949815,0.011241683249113343
1652,156,125,-0.001273153889898404,-0.27093989082342584
1653,156,131,0.45071726873585977,0.3696336559359831
1654,156,134,0.3953515644402267,-0.22105685600880132
1655,157,9,0.4498188727812231,0.4468279545299537
1656,157,15,0.3923581979142629,0.07351865267726143
1657,157,132,-0.15787532659938044,-0.3557532744929506
1658,157,133,0.30700576427878645,-0.025382493812293627
1659,158,9,0.151993099057393,-0.4670230073409355
1660,159,9,0.40039778163239925,0.23523791305669384
1661,159,14,0.4973856422154538,-0.4018266431040566
1662,160,5,0.19378628251319363,0.053313959125939614
1663,160,9,0.36598737829780675,-0.1472583836140055
1664,160,14,-0.08026648175503315,-0.44151815627528446
1665,161,6,0.3505617478339134,0.1497719146508999
1666,161,7,0.4817429735290754,-0.189535832511656
1667,161,8,0.12813479781985895,0.10825210616734504
1668,162,5,0.4307480536780215,0.26552339223698684
1669,162,15,0.2507721221983309,0.13257816355333307
1670,163,5,0.33296825829492105,0.12755508631981916
1671,163,6,0.22378645683257836,0.19038580983956555
1672,163,16,-0.0211919197664173,-0.03690294015366791
1673,164,7,0.3487015294456599,-0.10258463578344701
1674,164,8,0.478846026300668,0.4252738843929782
1675,164,9,0.4027279382279543,-0.2511998968818502
1676,165,10,0.4495681681657041,0.39805966557168093
1677,165,11,0.42253892691242245,0.14496072721466524
1678,165,17,0.4241505951092533,0.26955178079685527
1679,165,98,0.46792748919648874,0.3307752492685605
1680,165,99,0.3098020198238197,0.15328907404245706
1681,166,5,0.38484893375545215,-0.24825456044014405
1682,166,12,0.31221440825592506,0.16779073904937336
1683,166,18,0.4261448808919626,0.3229870283677252
1684,166,19,0.47456266070263636,0.4264350401516177
1685,166,98,0.27196735439695763,0.15153861039687566
1686,166,100,0.4113066193840803,-0.32821932182962066
1687,166,101,0.32947351991168805,0.266126415977613
1688,166,123,0.08996434062813607,-0.33124444543860654
1689,166,124,0.48283903513450593,0.29628401443758834
1690,167,6,0.09988121983236284,-0.1390143084301632
1691,167,13,0.40838814194133016,0.30915750204643444
1692,167,20,0.06277608482949504,0.05314489774498288
1693,167,99,0.34680390920415094,0.24327278448964273
1694,167,122,0.32909915864902645,0.13581479994980106
1695,167,123,-0.14716463454815226,-0.3717238920674186
1696,168,7,0.4468275811672342,0.4434356046193616
1697,168,8,0.41686161656270115,-0.2474140244512565
1698,168,14,0.358221466632132,-0.035382107014584385
1699,168,20,0.37832411401905053,0.1054080477385102
1700,168,98,0.2971676952832559,0.07835848391688482
1701,168,99,0.15995173918741096,-0.020713039720983872
1702,168,100,0.33467942833049014,0.24702691809978528
1703,168,101,-0.06018333863928073,-0.09888417681245681
1704,168,105,0.43580402614035163,-0.21806721044267185
1705,168,106,0.38930787397563554,0.37392139453595874
1706,168,122,0.48392863041573686,-0.24237636038183585
1707,168,123,0.38765537683629625,0.17162131421355575
1708,169,9,0.3333767947790486,0.24063225816225242
1709,169,11,0.20094729230207736,-0.004999908180988555
1710,169,12,0.3090869616180658,0.25031303817003603
1711,169,13,0.49945732019088374,0.32172286644514914
1712,169,24,0.26049211459219507,-0.06688976989665724
1713,169,25,0.40674128321219527,0.16379515181382065
1714,169,26,0.3397236370058834,-0.21246204717671663
1715,169,31,0.19287518950131066,0.029424198576232352
1716,169,102,0.4035185426571627,0.15977074755769327
1717,169,103,0.42477303272144895,0.029910197287947415
1718,169,104,0.26345114644385637,-0.38602143054830085
1719,169,105,0.2912042195920748,-0.49978681323233926
1720,169,107,0.2890003057410422,0.16156881729907202
1721,169,122,0.24691123438236584,0.10905342857723621
1722,169,123,0.28629362304282,0.1739711615013202
1723,170,9,0.4483855503204069,-0.12367550112858766
1724,170,11,0.01863398465754645,0.010644049778362752
1725,170,24,0.02004302093701406,-0.10821181752356562
1726,170,29,0.340398098869679,-0.057172307130766375
1727,170,33,0.35018077602973746,0.1956715477558435
1728,170,102,0.33890253412644183,0.044865523838373944
1729,170,104,0.4849344754045779,0.40432209757767723
1730,170,106,0.1275583253945019,-0.36401140723902947
1731,170,122,0.4045515029887884,0.3034926728336821
1732,171,9,0.0098970346353639,-0.2288568880216939
1733,171,12,0.49534238457276175,-0.2215185009849922
1734,171,21,0.46207457535355567,0.33994791283972026
1735,171,24,0.36084511110421613,0.24689574733617825
1736,171,33,0.14489532597572613,0.09105058889219786
1737,171,103,0.4300098077273546,-0.10413539310188186
1738,171,109,0.1383844576955437,-0.3214932271539527
1739,171,122,-0.01632122473672956,-0.23259303674566045
1740,171,123,0.051346414837073556,-0.1383822833449459
1741,172,9,0.4358619682690645,0.3747334730885695
1742,172,12,0.49029901025808575,0.3517815093294717
1743,172,13,0.38342711980712946,0.2967069524222945
1744,172,14,-0.03364183712225652,-0.09698425826223367
1745,172,24,0.4459048695463676,-0.11684474958654428
1746,172,32,0.2901633144648178,0.25698414105955514
1747,172,33,-0.04132759837721278,-0.46826936056343554
1748,172,102,0.23340089508783657,-0.47760814309422694
1749,172,104,0.2876709576519896,0.05078819422396286
1750,172,105,0.4596168778978165,-0.14423055933147516
1751,172,106,0.11323395648371265,-0.38978421917866163
1752,172,109,-0.1202601544902605,-0.4182272909545449
1753,172,110,0.2621464918451033,-0.20300131426284018
1754,172,114,0.4395331952946659,0.399903286342818
1755,172,122,0.008363609475159295,-0.44143987651016053
1756,172,123,0.1757607421808679,-0.05225904054792846
1757,173,9,0.28083301670722804,-0.3744174028671047
1758,173,15,0.3889782943955821,0.22870070133255838
1759,173,19,0.017551635226114283,-0.010935870860183439
1760,173,20,0.22738590820375654,-0.48578599154684704
1761,173,22,0.40315603181402165,0.077564212810173
1762,173,23,0.10596100160767358,-0.30580049000184345
1763,173,102,0.47620009264955276,0.3063855156565519
1764,173,103,0.44098741798206154,-0.43127754601293944
1765,173,107,0.25564676451989976,0.07075419818438367
1766,173,108,0.2507358052082993,0.1664134141620034
1767,173,110,0.02679847999884212,-0.03906780899620771
1768,173,111,-0.06886793016568675,-0.1508811410860501
1769,173,114,-0.08333014075449952,-0.4358801665094424
1770,173,116,0.001339442343319952,-0.43752247561944996
1771,173,117,0.19963848340035856,-0.009783587016949091
1772,173,118,-0.3398637427305552,-0.45610495339520374
1773,173,119,0.4020547730615776,-0.1492479498714519
1774,173,121,0.4585573573956988,-0.18940905781913153
1775,174,10,0.4619058822141674,0.4492501923950031
1776,174,15,0.057983447212436076,-0.11122165032355613
1777,174,16,0.4064452336025959,0.12929999947192028
1778,174,18,-0.20673942761538494,-0.4122669224224289
1779,174,21,0.3235014896221311,0.2093325949022351
1780,174,30,0.41544530429539284,0.3199967828631284
1781,174,101,-0.009331851669974772,-0.22537263321828144
1782,174,102,0.4582594214974223,0.38363515140363447
1783,174,103,0.33933523209656963,-0.09687643899690562
1784,174,105,0.4412677350416023,0.3821315554309712
1785,174,106,0.4667360234670237,0.3358722927579768
1786,174,107,0.39242719197464504,-0.17330075557871072
1787,174,109,0.4336885291247994,-0.40945091238073805
1788,174,114,0.4631383069324375,0.28831942575232083
1789,174,115,0.4858208054450597,0.15755768943213055
1790,174,117,0.4802191402609499,0.034663393175166646
1791,174,118,-0.04936390781199103,-0.13471038170309185
1792,174,119,0.3547617499741143,0.29612221398020067
1793,174,120,-0.1802758720211073,-0.44407778303185524
1794,175,10,0.3958633808431264,0.3043491907193553
1795,175,15,0.49418154697265215,0.4206414422753527
1796,175,17,0.06863903003842631,-0.23204822934666636
1797,175,18,-0.0060592461114202245,-0.38833573251165643
1798,175,21,0.19788720655105319,-0.3425101347817212
1799,175,101,0.3852964183023989,0.34150256852899286
1800,175,104,0.37360500826024845,-0.4402481379436385
1801,175,114,0.4863769449901481,0.38205052751623714
1802,175,115,0.30653238156905016,0.07601152461258809
1803,175,116,0.3304708576060925,-0.01847917504937513
1804,176,11,0.15050720795018202,-0.022395392095405864
1805,176,12,-0.04926262967532308,-0.48899497515784496
1806,176,13,0.03629258230179966,-0.1810926935000397
1807,176,14,0.35143269101656416,-0.3560098521837727
1808,176,16,0.4973639753343027,0.18300761606345617
1809,176,17,0.16414261579223666,0.1167202029821145
1810,176,21,0.2614587126257784,-0.38353260972724995
1811,176,108,0.12028782101451951,-0.47262745920390403
1812,176,109,0.31024310133094163,-0.048435481223722154
1813,176,112,0.3343017230440858,0.3043657709209211
1814,176,113,0.3311315430993533,0.3235054101290097
1815,176,114,0.4243644589621046,0.22483448656725424
1816,177,16,-0.1573009649290847,-0.17826611598788034
1817,177,17,0.22590758695506197,0.1019379953352395
1818,177,22,-0.09265376498531203,-0.2597877737357257
1819,177,23,0.11643055980062737,-0.08020250980958854
1820,177,108,0.4266391974623244,0.38611645160034413
1821,177,109,-0.06652931002322643,-0.4083043959114768
1822,177,113,0.3957183115513299,0.02994278347454682
1823,178,15,0.4402213718521377,-0.44075084474293624
1824,178,17,0.11439100225081905,-0.3742061195330155
1825,178,24,0.4648313573034923,0.3339228918679924
1826,178,108,0.46506021504905853,0.033170639205068464
1827,178,110,0.3713866739161081,0.3221459331033606
1828,178,113,0.46816163559311874,-0.41697803620176765
1829,179,16,0.16802121569433245,0.013206223516649351
1830,179,24,0.05674994089116864,-0.14890108253786366
1831,179,107,0.02056504478536275,-0.41205725154688655
1832,179,110,0.3624372260950002,0.19113354798594506
1833,180,17,-0.30192814314382155,-0.48972859391750134
1834,180,18,0.40880109983854723,-0.11048165918037361
1835,180,19,0.4748803556851663,-0.4504269133815635
1836,180,20,0.45210173122240477,-0.43695780180222815
1837,180,24,0.2512788700273434,-0.00991647525424233
1838,180,106,0.29963293224385296,-0.22469200789387572
1839,180,107,0.3645460181539546,-0.3530625311346942
1840,180,108,0.48057276168624796,0.2595126146836846
1841,180,109,-0.34414740554364115,-0.4643766859899498
1842,181,21,-0.21342635397660395,-0.2473449743295496
1843,181,22,-0.003879022708742963,-0.28605200949613907
1844,181,23,-0.013526219401088946,-0.4949387801361571
1845,181,109,-0.17120475323897966,-0.2996560462095379
1846,202,76,0.06162438954610533,-0.294510184821278
1847,202,77,0.030654828356803887,-0.28699050048135877
1848,203,78,0.188714019723058,-0.483781939765465
1849,204,78,0.04533235929597945,-0.47554385733363025
1850,218,117,-0.4056104939733903,-0.4619854064680227
1851,219,117,0.4707587491138581,0.38898474397590455
1852,220,116,0.40781123054116675,0.28735619752842656
1853,220,117,0.34886774152879685,0.26702038934867145
1854,225,108,0.21915640655522783,-0.3421372685190508
1855,226,107,-0.012707900429064348,-0.07335692824859935
1856,227,108,0.38090566158405686,0.35851058426279814
1857,228,107,0.4879595855081521,0.2069403875770368
1858,229,106,0.4855686222537755,0.3409165234705388
1859,234,33,0.4620911920945379,0.11324589128056828
1860,234,34,0.4410886880176262,0.40858854151519863
1861,235,32,0.33870069796954294,0.2719231306725818
1862,235,35,0.020504588587803158,-0.15623552952373881
1863,236,32,0.13158437776092663,-0.3056686042221013
1864,236,36,0.23245280344360864,-0.20258880128174644
1865,236,37,0.4673366940286389,0.3472064481272149
1866,237,32,0.39439734177069363,0.2819131614170308
1867,237,38,0.26477476581381254,-0.26187525158064595
1868,238,32,0.4158965875040304,0.12884699387848375
1869,238,39,0.48248022795550516,0.18279544028053296
1870,239,32,0.4178698015942582,0.41204236158908525
1871,239,40,0.37182382295426936,-0.15550796137842732
1872,239,41,0.40656573701362897,0.05389025436210437
1873,240,32,-0.07274889835806193,-0.15158405443239248
1874,240,42,-0.053670373293055004,-0.055563841320942
1875,240,43,0.4886860040701615,0.4333972756337614
1876,241,32,0.41801564841477684,0.31429468380744463
1877,241,37,0.43836116407963993,0.3695214256811137
1878,241,44,-0.004763775068633291,-0.09182161161085112
1879,242,32,0.43221264823890865,0.3490300255288352
1880,242,38,0.41269950253437215,0.21905837177341725
1881,242,45,0.3177504745291729,0.17353256664450512
1882,243,32,0.2935052985194149,0.041774110559757216
1883,243,34,0.4258967417162164,-0.12392760778586098
1884,243,39,0.3616313928146283,0.11569936053586882
1885,243,46,0.3068627964235958,-0.31874305382565626
1886,244,32,0.38444408062989044,0.2808327581883243
1887,244,34,0.2008536327882634,-0.3222342653860386
1888,244,35,0.21056135758247463,-0.1756984729932436
1889,244,36,0.3302562205455675,-0.21438570459629241
1890,244,37,0.3899598804528298,0.17459689018000957
1891,244,38,0.23429186821224163,-0.1278984674558199
1892,244,40,0.44416504749863617,0.2694002842579938
1893,244,41,-0.3306648173831666,-0.33825583069608656
1894,244,42,-0.09914279581118712,-0.4350716869538374
1895,244,43,0.017467654931673487,-0.03186790860936778
1896,244,44,0.26300964127514226,-0.24253194096673336
1897,244,45,0.06429219482016568,-0.1383024174922336
