expected_rewards_attacker_withrangers,expected_penalty_attacker_withrangers,expected_rewards_defender_withrangers,expected_penalty_defender_withrangers,expected_rewards_attacker_withoutrangers,expected_penalty_attacker_withoutrangers,expected_rewards_defender_withoutrangers,expected_penalty_defender_withoutrangers,num_visits_to_target_attacker_withoutrangers,num_visits_to_target_attacker_withrangers,prob_attack_target_withoutrangers,prob_attack_target_withrangers
0.0,-22.45084000034876,18.367636693123508,0.0,0.0,-11.22542000017438,9.183818346561754,0.0,0,0,0.0,0.0
0.0,-9.895971973785947,26.36968972964786,0.0,0.0,-4.947985986892974,13.18484486482393,0.0,0,0,0.0,0.0
0.0,-14.646167997470036,30.67606666629717,0.0,0.0,-7.323083998735018,15.338033333148585,0.0,0,0,0.0,0.0
0.0,-22.409602750203995,9.285401655492572,0.0,0.0,-11.204801375101997,4.642700827746286,0.0,0,0,0.0,0.0
0.0,-24.670102099128137,15.857990212787636,0.0,0.0,-12.335051049564068,7.928995106393818,0.0,0,0,0.0,0.0
0.0,-14.096141487465932,36.6816560073539,0.0,0.0,-7.048070743732966,18.34082800367695,0.0,0,0,0.0,0.0
0.0,-38.03267002338256,30.998313002923688,0.0,0.0,-19.01633501169128,15.499156501461844,0.0,0,0,0.0,0.0
0.0,-29.87458439296111,38.119440252249966,0.0,0.0,-14.937292196480556,19.059720126124983,0.0,0,0,0.0,0.0
0.0,-13.476361763830216,21.015727707183938,0.0,0.0,-6.738180881915108,10.507863853591969,0.0,0,0,0.0,0.0
0.0,-33.72781057892796,24.938883512214435,0.0,0.0,-16.86390528946398,12.469441756107218,0.0,0,0,0.0,0.0
0.0,-12.965796920031188,29.778436361158906,0.0,0.0,-6.482898460015594,14.889218180579453,0.0,0,0,0.0,0.0
0.0,-7.139171000195169,30.094454471237682,0.0,0.0,-3.5695855000975847,15.047227235618841,0.0,0,0,0.0,0.0
0.0,-38.154915138102545,32.205125650709526,0.0,0.0,-19.077457569051273,16.102562825354763,0.0,0,0,0.0,0.0
0.0,-9.958882266407105,8.439161715446058,0.0,0.0,-4.979441133203553,4.219580857723029,0.0,0,0,0.0,0.0
0.0,-29.21674078543083,26.96930079800778,0.0,0.0,-14.608370392715415,13.48465039900389,0.0,0,0,0.0,0.0
0.0,-23.679178012623634,39.042575550283246,0.0,0.0,-11.839589006311817,19.521287775141623,0.0,0,0,0.0,0.0
0.0,-37.12373932107434,19.3999328932943,0.0,0.0,-18.56186966053717,9.69996644664715,0.0,0,0,0.0,0.0
0.0,-30.83314484052075,31.634796770294635,0.0,0.0,-15.416572420260374,15.817398385147317,0.0,0,0,0.0,0.0
0.0,-20.320425220374194,11.4075660259271,0.0,0.0,-10.160212610187097,5.70378301296355,0.0,0,0,0.0,0.0
0.0,-22.47146070912242,4.6351958271594755,0.0,0.0,-11.23573035456121,2.3175979135797378,0.0,0,0,0.0,0.0
0.0,-23.512196340140182,26.916200355792892,0.0,0.0,-11.756098170070091,13.458100177896446,0.0,0,0,0.0,0.0
0.0,-33.11081523562698,35.33756512432869,0.0,0.0,-16.55540761781349,17.668782562164346,0.0,0,0,0.0,0.0
0.0,-17.112988523309628,22.140565346659933,0.0,0.0,-8.556494261654814,11.070282673329967,0.0,0,0,0.0,0.0
0.0,-17.877410563858945,16.01429299190302,0.0,0.0,-8.938705281929472,8.00714649595151,0.0,0,0,0.0,0.0
0.0,-7.172931492034941,25.988758814133288,0.0,0.0,-3.5864657460174705,12.994379407066644,0.0,0,0,0.0,0.0
0.0,-21.066562763479077,31.488616245359474,0.0,0.0,-10.533281381739538,15.744308122679737,0.0,0,0,0.0,0.0
0.0,-1.3580760632877824,6.264124653078135,0.0,0.0,-0.6790380316438912,3.1320623265390677,0.0,0,0,0.0,0.0
0.0,-2.596763999640416,9.55539655619633,0.0,0.0,-1.298381999820208,4.777698278098165,0.0,0,0,0.0,0.0
0.0,-25.353179450093172,6.28277804002275,0.0,0.0,-12.676589725046586,3.141389020011375,0.0,0,0,0.0,0.0
0.0,-9.757926466600116,12.678078119365617,0.0,0.0,-4.878963233300058,6.339039059682809,0.0,0,0,0.0,0.0
0.0,-6.0090288665025255,15.809505497147773,0.0,0.0,-3.0045144332512628,7.904752748573887,0.0,0,0,0.0,0.0
0.0,-16.094715919119622,32.67213685991473,0.0,0.0,-8.047357959559811,16.336068429957365,0.0,0,0,0.0,0.0
0.0,-0.2113338958910872,13.61224945504888,0.0,0.0,-0.1056669479455436,6.80612472752444,0.0,0,0,0.0,0.0
0.0,-16.885656457180644,10.575983907716596,0.0,0.0,-8.442828228590322,5.287991953858298,0.0,0,0,0.0,0.0
0.0,-21.283948147198863,29.63141437833558,0.0,0.0,-10.641974073599432,14.81570718916779,0.0,0,0,0.0,0.0
0.0,-0.1730618212696552,39.22808904518132,0.0,0.0,-0.0865309106348276,19.61404452259066,0.0,0,0,0.0,0.0
0.0,-13.819161676690255,13.176004194471115,0.0,0.0,-6.909580838345128,6.588002097235558,0.0,0,0,0.0,0.0
0.0,-14.518001757990664,15.453665512238608,0.0,0.0,-7.259000878995332,7.726832756119304,0.0,0,0,0.0,0.0
0.0,-35.025110318068066,26.76616741093859,0.0,0.0,-17.512555159034033,13.383083705469295,0.0,0,0,0.0,0.0
0.0,-38.177974325615345,23.262966223541937,0.0,0.0,-19.088987162807673,11.631483111770969,0.0,0,0,0.0,0.0
0.0,-10.234940634278217,9.419106611456932,0.0,0.0,-5.117470317139109,4.709553305728466,0.0,0,0,0.0,0.0
0.0,-15.183234147135552,35.66519824432092,0.0,0.0,-7.591617073567776,17.83259912216046,0.0,0,0,0.0,0.0
0.0,-39.92598802640046,16.01030673893089,0.0,0.0,-19.96299401320023,8.005153369465445,0.0,0,0,0.0,0.0
0.0,-10.242339232555267,19.53667045123516,0.0,0.0,-5.1211696162776335,9.76833522561758,0.0,0,0,0.0,0.0
0.0,-16.518720686014944,6.227337954707768,0.0,0.0,-8.259360343007472,3.113668977353884,0.0,0,0,0.0,0.0
0.0,-14.525765385760941,24.678629913584818,0.0,0.0,-7.262882692880471,12.339314956792409,0.0,0,0,0.0,0.0
0.0,-30.08932757242924,38.08190120614734,0.0,0.0,-15.04466378621462,19.04095060307367,0.0,0,0,0.0,0.0
0.0,-23.330204673482257,19.56887229721142,0.0,0.0,-11.665102336741128,9.78443614860571,0.0,0,0,0.0,0.0
0.0,-19.05614036156697,20.756240334706167,0.0,0.0,-9.528070180783486,10.378120167353083,0.0,0,0,0.0,0.0
0.0,-14.867863669444109,21.234561058024006,0.0,0.0,-7.433931834722054,10.617280529012003,0.0,0,0,0.0,0.0
0.0,-25.362207739724635,6.174420888021689,0.0,0.0,-12.681103869862318,3.0872104440108443,0.0,0,0,0.0,0.0
0.0,-24.77176114250056,34.501999531498086,0.0,0.0,-12.38588057125028,17.250999765749043,0.0,0,0,0.0,0.0
0.0,-17.185162504394192,25.716479522851206,0.0,0.0,-8.592581252197096,12.858239761425603,0.0,0,0,0.0,0.0
0.0,-35.13598767641008,25.775540361243202,0.0,0.0,-17.56799383820504,12.887770180621601,0.0,0,0,0.0,0.0
0.0,-22.18808698060753,21.914128246957812,0.0,0.0,-11.094043490303765,10.957064123478906,0.0,0,0,0.0,0.0
0.0,-25.07097434002049,31.72256979214151,0.0,0.0,-12.535487170010246,15.861284896070755,0.0,0,0,0.0,0.0
0.0,-3.9058298549608423,18.59694526843769,0.0,0.0,-1.9529149274804212,9.298472634218845,0.0,0,0,0.0,0.0
0.0,-1.5171929279048155,38.85998554044956,0.0,0.0,-0.7585964639524078,19.42999277022478,0.0,0,0,0.0,0.0
0.0,-16.000948649994484,21.368751472395665,0.0,0.0,-8.000474324997242,10.684375736197833,0.0,0,0,0.0,0.0
0.0,-25.14471456134104,33.83571528662882,0.0,0.0,-12.57235728067052,16.91785764331441,0.0,0,0,0.0,0.0
0.0,-25.43318849451651,24.926774524259663,0.0,0.0,-12.716594247258255,12.463387262129832,0.0,0,0,0.0,0.0
0.0,-24.215016274109196,32.73656052503759,0.0,0.0,-12.107508137054598,16.368280262518795,0.0,0,0,0.0,0.0
0.0,-22.69569816023165,4.783017382684038,0.0,0.0,-11.347849080115825,2.391508691342019,0.0,0,0,0.0,0.0
0.0,-13.20620360918332,19.67684604153061,0.0,0.0,-6.60310180459166,9.838423020765305,0.0,0,0,0.0,0.0
0.0,-0.6008207601061668,32.65817706050977,0.0,0.0,-0.3004103800530834,16.329088530254886,0.0,0,0,0.0,0.0
0.0,-15.429999651992496,26.005729947376746,0.0,0.0,-7.714999825996248,13.002864973688373,0.0,0,0,0.0,0.0
0.0,-5.055572948010891,38.22366515074724,0.0,0.0,-2.5277864740054454,19.11183257537362,0.0,0,0,0.0,0.0
0.0,-34.27652060404074,10.874497846627284,0.0,0.0,-17.13826030202037,5.437248923313642,0.0,0,0,0.0,0.0
0.0,-25.54396059735064,39.89194270382661,0.0,0.0,-12.77198029867532,19.945971351913304,0.0,0,0,0.0,0.0
0.0,-20.13014958152504,16.39326457332282,0.0,0.0,-10.06507479076252,8.19663228666141,0.0,0,0,0.0,0.0
0.0,-2.4845909369648354,17.450928207270135,0.0,0.0,-1.2422954684824177,8.725464103635067,0.0,0,0,0.0,0.0
0.0,-34.99285057984214,7.962330144990092,0.0,0.0,-17.49642528992107,3.981165072495046,0.0,0,0,0.0,0.0
0.0,-27.81592881834811,7.773091328496608,0.0,0.0,-13.907964409174054,3.886545664248304,0.0,0,0,0.0,0.0
0.0,-2.0636658511567987,26.133436735426365,0.0,0.0,-1.0318329255783993,13.066718367713182,0.0,0,0,0.0,0.0
0.0,-15.255540230539559,10.436637252443107,0.0,0.0,-7.627770115269779,5.218318626221554,0.0,0,0,0.0,0.0
0.0,-29.03444086418046,39.794377099913646,0.0,0.0,-14.51722043209023,19.897188549956823,0.0,0,0,0.0,0.0
0.0,-9.771566124252196,35.379120274088436,0.0,0.0,-4.885783062126098,17.689560137044218,0.0,0,0,0.0,0.0
0.0,-22.715728849015413,17.417200539335347,0.0,0.0,-11.357864424507707,8.708600269667674,0.0,0,0,0.0,0.0
0.0,-24.036440596076144,27.503516374696677,0.0,0.0,-12.018220298038072,13.751758187348338,0.0,0,0,0.0,0.0
0.0,-16.61390993160856,20.31851882968116,0.0,0.0,-8.30695496580428,10.15925941484058,0.0,0,0,0.0,0.0
0.0,-34.3737745670668,12.183565199106576,0.0,0.0,-17.1868872835334,6.091782599553288,0.0,0,0,0.0,0.0
0.0,-21.047627243520516,16.34737250887038,0.0,0.0,-10.523813621760258,8.17368625443519,0.0,0,0,0.0,0.0
0.0,-17.591921903731347,31.472986050158624,0.0,0.0,-8.795960951865673,15.736493025079312,0.0,0,0,0.0,0.0
0.0,-25.26366213767071,35.712810334850055,0.0,0.0,-12.631831068835355,17.856405167425027,0.0,0,0,0.0,0.0
0.0,-25.636781583083668,15.66248329062126,0.0,0.0,-12.818390791541834,7.83124164531063,0.0,0,0,0.0,0.0
0.0,-16.49178363277168,37.481206975647645,0.0,0.0,-8.24589181638584,18.740603487823822,0.0,0,0,0.0,0.0
0.0,-3.501314425771689,39.736236999425536,0.0,0.0,-1.7506572128858444,19.868118499712768,0.0,0,0,0.0,0.0
0.0,-37.22097088247128,32.758144428506725,0.0,0.0,-18.61048544123564,16.379072214253362,0.0,0,0,0.0,0.0
0.0,-14.255480391303294,30.384431395427345,0.0,0.0,-7.127740195651647,15.192215697713673,0.0,0,0,0.0,0.0
0.0,-13.889905626184833,34.552303666936254,0.0,0.0,-6.944952813092416,17.276151833468127,0.0,0,0,0.0,0.0
0.0,-16.9820260471564,34.95440444127967,0.0,0.0,-8.4910130235782,17.477202220639835,0.0,0,0,0.0,0.0
0.0,-19.367458709085945,11.12054482345813,0.0,0.0,-9.683729354542972,5.560272411729065,0.0,0,0,0.0,0.0
0.0,-21.500238509972274,8.507343759453995,0.0,0.0,-10.750119254986137,4.253671879726998,0.0,0,0,0.0,0.0
0.0,-4.40313712631982,6.569896091909538,0.0,0.0,-2.20156856315991,3.284948045954769,0.0,0,0,0.0,0.0
0.0,-34.661891333334566,27.282370508942527,0.0,0.0,-17.330945666667283,13.641185254471264,0.0,0,0,0.0,0.0
0.0,-8.428960066026276,37.191295758440226,0.0,0.0,-4.214480033013138,18.595647879220113,0.0,0,0,0.0,0.0
0.0,-0.5439964745469084,35.28463417755502,0.0,0.0,-0.2719982372734542,17.64231708877751,0.0,0,0,0.0,0.0
0.0,-5.395865454186492,25.66074782013054,0.0,0.0,-2.697932727093246,12.83037391006527,0.0,0,0,0.0,0.0
0.0,-33.759847300781004,12.385686395085829,0.0,0.0,-16.879923650390502,6.192843197542914,0.0,0,0,0.0,0.0
0.0,-27.649904953638273,20.377527047207604,0.0,0.0,-13.824952476819137,10.188763523603802,0.0,0,0,0.0,0.0
0.0,-3.7173613980387903,28.93399653870601,0.0,0.0,-1.8586806990193951,14.466998269353004,0.0,0,0,0.0,0.0
0.0,-35.08463033534176,31.42918224899207,0.0,0.0,-17.54231516767088,15.714591124496035,0.0,0,0,0.0,0.0
0.0,-36.24515557605281,25.164232537247436,0.0,0.0,-18.122577788026405,12.582116268623718,0.0,0,0,0.0,0.0
0.0,-32.37679811762411,27.34563015076696,0.0,0.0,-16.188399058812056,13.67281507538348,0.0,0,0,0.0,0.0
0.0,-5.971323546413004,17.396692531690498,0.0,0.0,-2.985661773206502,8.698346265845249,0.0,0,0,0.0,0.0
0.0,-10.171759391935824,36.62120035336488,0.0,0.0,-5.085879695967912,18.31060017668244,0.0,0,0,0.0,0.0
0.0,-29.46554716178984,24.500692773754132,0.0,0.0,-14.73277358089492,12.250346386877066,0.0,0,0,0.0,0.0
0.0,-16.425241100713073,7.1855685502167965,0.0,0.0,-8.212620550356537,3.5927842751083983,0.0,0,0,0.0,0.0
0.0,-21.595751877689047,5.203165120641083,0.0,0.0,-10.797875938844523,2.6015825603205416,0.0,0,0,0.0,0.0
0.0,-13.0144467213348,35.94510570830533,0.0,0.0,-6.5072233606674,17.972552854152664,0.0,0,0,0.0,0.0
1.3481798099401758,-4.303027631883426,4.934694751699782,-4.484301212437477,0.0,-2.868685087922284,3.289796501133188,0.0,0,1,0.0,0.25
0.0,-8.825277464922312,27.86798354877089,0.0,0.0,-4.412638732461156,13.933991774385445,0.0,0,0,0.0,0.0
0.0,-0.4328735569614676,26.686895831869965,0.0,0.0,-0.2164367784807338,13.343447915934982,0.0,0,0,0.0,0.0
0.0,-18.94944777035778,31.82400787764938,0.0,0.0,-9.47472388517889,15.91200393882469,0.0,0,0,0.0,0.0
0.0,-1.1861989783004532,33.131441127609705,0.0,0.0,-0.5930994891502266,16.565720563804852,0.0,0,0,0.0,0.0
0.0,-16.485652425879987,32.97285974830652,0.0,0.0,-8.242826212939994,16.48642987415326,0.0,0,0,0.0,0.0
0.0,-33.637211946233464,26.766369159077925,0.0,0.0,-16.818605973116732,13.383184579538963,0.0,0,0,0.0,0.0
0.0,-4.6925430146645795,7.768449941750601,0.0,0.0,-2.3462715073322897,3.8842249708753007,0.0,0,0,0.0,0.0
0.0,-0.0871488052890256,5.101109845682936,0.0,0.0,-0.0435744026445128,2.550554922841468,0.0,0,0,0.0,0.0
0.0,-36.27992865488865,26.291226914525545,0.0,0.0,-18.139964327444325,13.145613457262773,0.0,0,0,0.0,0.0
0.0,-38.490684167545886,9.048109900982986,0.0,0.0,-19.245342083772943,4.524054950491493,0.0,0,0,0.0,0.0
0.0,-15.654909549703063,32.305721884056865,0.0,0.0,-7.827454774851532,16.152860942028433,0.0,0,0,0.0,0.0
0.0,-7.910647540758696,7.418495775637693,0.0,0.0,-3.955323770379348,3.7092478878188464,0.0,0,0,0.0,0.0
0.0,-21.284374987238365,22.491187352849035,0.0,0.0,-10.642187493619183,11.245593676424518,0.0,0,0,0.0,0.0
0.0,-17.908795410937472,10.489888994328188,0.0,0.0,-8.954397705468736,5.244944497164094,0.0,0,0,0.0,0.0
0.0,-29.664172100802126,38.54672360379524,0.0,0.0,-14.832086050401063,19.27336180189762,0.0,0,0,0.0,0.0
0.0,-34.902240184061306,28.03750753232083,0.0,0.0,-17.451120092030653,14.018753766160415,0.0,0,0,0.0,0.0
0.0,-36.11695080380463,28.021062789560283,0.0,0.0,-18.058475401902314,14.010531394780141,0.0,0,0,0.0,0.0
0.0,-0.189043153645272,25.84576451843713,0.0,0.0,-0.094521576822636,12.922882259218564,0.0,0,0,0.0,0.0
0.0,-34.25620312432046,15.882187194515572,0.0,0.0,-17.12810156216023,7.941093597257786,0.0,0,0,0.0,0.0
0.0,-25.16174544932411,39.14950064509576,0.0,0.0,-12.580872724662054,19.57475032254788,0.0,0,0,0.0,0.0
0.0,-30.685012238384882,21.34504416687112,0.0,0.0,-15.342506119192441,10.67252208343556,0.0,0,0,0.0,0.0
0.0,-23.643280957860647,14.79865245527058,0.0,0.0,-11.821640478930323,7.39932622763529,0.0,0,0,0.0,0.0
0.0,-6.638673502344545,21.696220471377494,0.0,0.0,-3.3193367511722727,10.848110235688747,0.0,0,0,0.0,0.0
0.0,-16.090115724412428,20.33153542938944,0.0,0.0,-8.045057862206214,10.16576771469472,0.0,0,0,0.0,0.0
0.0,-33.63924708559979,30.936899868916115,0.0,0.0,-16.819623542799896,15.468449934458057,0.0,0,0,0.0,0.0
0.0,-28.712591950960537,27.380529407442914,0.0,0.0,-14.356295975480268,13.690264703721457,0.0,0,0,0.0,0.0
0.0,-18.747708299898772,21.858024087158505,0.0,0.0,-9.373854149949386,10.929012043579252,0.0,0,0,0.0,0.0
0.0,-13.561355219562724,19.545168492583453,0.0,0.0,-6.780677609781362,9.772584246291727,0.0,0,0,0.0,0.0
0.0,-7.05507321800728,22.676889087538314,0.0,0.0,-3.52753660900364,11.338444543769157,0.0,0,0,0.0,0.0
0.0,-28.308375374698215,14.064868029031764,0.0,0.0,-14.154187687349108,7.032434014515882,0.0,0,0,0.0,0.0
0.0,-10.944307174467998,23.73286827055624,0.0,0.0,-5.472153587233999,11.86643413527812,0.0,0,0,0.0,0.0
0.0,-24.3279099825009,21.92934749710524,0.0,0.0,-12.16395499125045,10.96467374855262,0.0,0,0,0.0,0.0
0.0,-22.51660413170512,22.187700399901235,0.0,0.0,-11.25830206585256,11.093850199950618,0.0,0,0,0.0,0.0
0.0,-14.284653548897253,39.54641478350224,0.0,0.0,-7.142326774448627,19.77320739175112,0.0,0,0,0.0,0.0
0.0,-38.39314352180909,34.94728505808813,0.0,0.0,-19.196571760904543,17.473642529044064,0.0,0,0,0.0,0.0
0.0,-2.2490093739667287,4.468940200876066,0.0,0.0,-1.1245046869833644,2.234470100438033,0.0,0,0,0.0,0.0
0.0,-2.716603647699671,32.92422498700424,0.0,0.0,-1.3583018238498354,16.46211249350212,0.0,0,0,0.0,0.0
11.295012596267355,0.0,0.0,-0.4986295293936532,5.647506298133678,0.0,0.0,-0.2493147646968266,2,4,1.0,1.0
29.189600254911156,0.0,0.0,-28.975711534768497,14.594800127455578,0.0,0.0,-14.487855767384248,2,4,1.0,1.0
0.0,-15.627294648259817,17.635760766945992,0.0,0.0,-7.813647324129908,8.817880383472996,0.0,0,0,0.0,0.0
0.0,-6.710907464080009,30.504981211383704,0.0,0.0,-3.3554537320400044,15.252490605691852,0.0,0,0,0.0,0.0
0.0,-10.142113262506737,7.8348718571860765,0.0,0.0,-5.071056631253368,3.9174359285930382,0.0,0,0,0.0,0.0
0.0,-11.08709321695461,24.093222183745343,0.0,0.0,-5.543546608477305,12.046611091872672,0.0,0,0,0.0,0.0
0.0,-6.238235221555215,16.110967123058437,0.0,0.0,-3.1191176107776073,8.055483561529218,0.0,0,0,0.0,0.0
0.0,-35.03832524992882,19.801101998017764,0.0,0.0,-17.51916262496441,9.900550999008882,0.0,0,0,0.0,0.0
0.0,-13.61984962396511,5.734715581497162,0.0,0.0,-6.809924811982555,2.867357790748581,0.0,0,0,0.0,0.0
0.0,-5.355672340326144,32.67033223778295,0.0,0.0,-2.677836170163072,16.335166118891475,0.0,0,0,0.0,0.0
0.0,-37.11994456230209,33.444796378108435,0.0,0.0,-18.559972281151044,16.722398189054218,0.0,0,0,0.0,0.0
0.0,-19.953630634516802,32.47680427909607,0.0,0.0,-9.976815317258401,16.238402139548036,0.0,0,0,0.0,0.0
0.0,-17.660799208835726,5.882131590990872,0.0,0.0,-8.830399604417863,2.941065795495436,0.0,0,0,0.0,0.0
0.0,-36.75295974548359,7.45037515396336,0.0,0.0,-18.376479872741793,3.72518757698168,0.0,0,0,0.0,0.0
0.0,-25.31901072914067,19.115263071035862,0.0,0.0,-12.659505364570334,9.557631535517931,0.0,0,0,0.0,0.0
0.0,-36.388494089244595,28.043303286467378,0.0,0.0,-18.194247044622298,14.021651643233689,0.0,0,0,0.0,0.0
0.0,-5.452453425162815,36.9833150993798,0.0,0.0,-2.7262267125814077,18.4916575496899,0.0,0,0,0.0,0.0
0.0,-26.684366776640736,19.44935937153521,0.0,0.0,-13.342183388320368,9.724679685767605,0.0,0,0,0.0,0.0
0.0,-16.7768002852116,33.91060347122021,0.0,0.0,-8.3884001426058,16.955301735610107,0.0,0,0,0.0,0.0
0.0,-15.760364255122099,20.178288451955012,0.0,0.0,-7.880182127561049,10.089144225977506,0.0,0,0,0.0,0.0
0.0,-34.12365167774546,6.914192196259696,0.0,0.0,-17.06182583887273,3.457096098129848,0.0,0,0,0.0,0.0
0.0,-4.604613164325308,19.08117663319526,0.0,0.0,-2.302306582162654,9.54058831659763,0.0,0,0,0.0,0.0
0.0,-30.09826806916806,24.39856942015151,0.0,0.0,-15.04913403458403,12.199284710075755,0.0,0,0,0.0,0.0
0.0,-36.21709343857594,16.524746553452044,0.0,0.0,-18.10854671928797,8.262373276726022,0.0,0,0,0.0,0.0
0.0,-25.576731110168428,33.14127139618584,0.0,0.0,-12.788365555084214,16.57063569809292,0.0,0,0,0.0,0.0
0.0,-29.94184686186386,4.628326700126577,0.0,0.0,-14.97092343093193,2.3141633500632883,0.0,0,0,0.0,0.0
0.0,-0.4679580042203496,36.287663430184686,0.0,0.0,-0.2339790021101748,18.143831715092343,0.0,0,0,0.0,0.0
0.0,-21.341083942699065,22.817634595431798,0.0,0.0,-10.670541971349532,11.408817297715899,0.0,0,0,0.0,0.0
0.0,-38.51517968623094,4.947424365206748,0.0,0.0,-19.25758984311547,2.473712182603374,0.0,0,0,0.0,0.0
0.0,-36.26346236335978,5.253004881347625,0.0,0.0,-18.13173118167989,2.6265024406738124,0.0,0,0,0.0,0.0
0.0,-21.845656045140313,17.071514169816993,0.0,0.0,-10.922828022570156,8.535757084908496,0.0,0,0,0.0,0.0
0.0,-19.780018590056216,16.87053792156453,0.0,0.0,-9.890009295028108,8.435268960782265,0.0,0,0,0.0,0.0
0.0,-14.092984881789459,11.057094580487282,0.0,0.0,-7.046492440894729,5.528547290243641,0.0,0,0,0.0,0.0
0.0,-6.503637152192788,7.305457480068309,0.0,0.0,-3.251818576096394,3.6527287400341546,0.0,0,0,0.0,0.0
0.0,-11.146740245845834,16.022260285812454,0.0,0.0,-5.573370122922917,8.011130142906227,0.0,0,0,0.0,0.0
0.0,-4.4653478545487815,14.242353470559653,0.0,0.0,-2.2326739272743907,7.1211767352798265,0.0,0,0,0.0,0.0
0.0,-10.658638974558595,32.98585827406368,0.0,0.0,-5.329319487279298,16.49292913703184,0.0,0,0,0.0,0.0
0.0,-1.9040449315468988,36.57236840032922,0.0,0.0,-0.9520224657734494,18.28618420016461,0.0,0,0,0.0,0.0
0.0,-9.869278208167948,26.746175847012704,0.0,0.0,-4.934639104083974,13.373087923506352,0.0,0,0,0.0,0.0
0.0,-32.87662639366462,13.197097528182578,0.0,0.0,-16.43831319683231,6.598548764091289,0.0,0,0,0.0,0.0
0.0,-5.655541633823624,26.918452146146016,0.0,0.0,-2.827770816911812,13.459226073073008,0.0,0,0,0.0,0.0
0.0,-18.699968279106393,12.072529419730737,0.0,0.0,-9.349984139553197,6.036264709865368,0.0,0,0,0.0,0.0
0.0,-18.88978057107627,22.070637115662763,0.0,0.0,-9.444890285538134,11.035318557831381,0.0,0,0,0.0,0.0
0.0,-24.560989959738258,38.72399517613361,0.0,0.0,-12.280494979869129,19.361997588066806,0.0,0,0,0.0,0.0
0.0,-9.969525965583642,28.07326270694044,0.0,0.0,-4.984762982791821,14.03663135347022,0.0,0,0,0.0,0.0
0.0,-23.922575679156882,33.95425732159909,0.0,0.0,-11.961287839578441,16.977128660799544,0.0,0,0,0.0,0.0
0.0,-30.17877364081024,24.47581779554168,0.0,0.0,-15.08938682040512,12.23790889777084,0.0,0,0,0.0,0.0
0.0,-4.42228706876741,29.16821565299213,0.0,0.0,-2.211143534383705,14.584107826496066,0.0,0,0,0.0,0.0
0.0,-21.551054458926735,38.719462795710314,0.0,0.0,-10.775527229463368,19.359731397855157,0.0,0,0,0.0,0.0
0.0,-2.540260159331723,25.045990097330733,0.0,0.0,-1.2701300796658614,12.522995048665367,0.0,0,0,0.0,0.0
0.0,-33.82464796744557,19.020594259149533,0.0,0.0,-16.912323983722786,9.510297129574766,0.0,0,0,0.0,0.0
0.0,-16.87335085532284,20.148140060604025,0.0,0.0,-8.43667542766142,10.074070030302012,0.0,0,0,0.0,0.0
0.0,-33.62920347426332,25.361425389302116,0.0,0.0,-16.81460173713166,12.680712694651058,0.0,0,0,0.0,0.0
0.0,-30.92789960588726,4.454381813977699,0.0,0.0,-15.46394980294363,2.2271909069888496,0.0,0,0,0.0,0.0
0.0,-39.657296255747426,14.711209973097318,0.0,0.0,-19.828648127873713,7.355604986548659,0.0,0,0,0.0,0.0
0.0,-9.52089297557525,5.372771719124607,0.0,0.0,-4.760446487787625,2.6863858595623036,0.0,0,0,0.0,0.0
0.0,-25.54625653586405,10.9419161241072,0.0,0.0,-12.773128267932025,5.4709580620536,0.0,0,0,0.0,0.0
0.0,-4.553849912664248,26.89778985268861,0.0,0.0,-2.276924956332124,13.448894926344305,0.0,0,0,0.0,0.0
0.0,-29.83865707055259,39.30064959351024,0.0,0.0,-14.919328535276295,19.65032479675512,0.0,0,0,0.0,0.0
0.0,-39.17228596330269,20.190211479646656,0.0,0.0,-19.586142981651346,10.095105739823328,0.0,0,0,0.0,0.0
0.0,-22.9713057898991,37.67151827742779,0.0,0.0,-11.48565289494955,18.835759138713897,0.0,0,0,0.0,0.0
0.0,-5.234431182519466,29.120380864886265,0.0,0.0,-2.617215591259733,14.560190432443132,0.0,0,0,0.0,0.0
0.0,-26.793733118036094,24.70221711065912,0.0,0.0,-13.396866559018047,12.35110855532956,0.0,0,0,0.0,0.0
0.0,-13.33955270828351,33.73442104010948,0.0,0.0,-6.669776354141755,16.86721052005474,0.0,0,0,0.0,0.0
0.0,-3.053023922095825,28.634816273731634,0.0,0.0,-1.5265119610479125,14.317408136865817,0.0,0,0,0.0,0.0
0.0,-38.8642838239229,33.579432274792474,0.0,0.0,-19.43214191196145,16.789716137396237,0.0,0,0,0.0,0.0
0.0,-3.722292178269498,15.925883040617364,0.0,0.0,-1.861146089134749,7.962941520308682,0.0,0,0,0.0,0.0
0.0,-31.574106536358897,33.26324222574719,0.0,0.0,-15.787053268179449,16.631621112873596,0.0,0,0,0.0,0.0
0.0,-6.481599999757542,35.46165978648872,0.0,0.0,-3.240799999878771,17.73082989324436,0.0,0,0,0.0,0.0
0.0,-37.12018004910372,18.445909385730225,0.0,0.0,-18.56009002455186,9.222954692865112,0.0,0,0,0.0,0.0
0.0,-10.085692591883078,13.120980642307444,0.0,0.0,-5.042846295941539,6.560490321153722,0.0,0,0,0.0,0.0
0.0,-32.83698367257678,31.302425012570215,0.0,0.0,-16.41849183628839,15.651212506285107,0.0,0,0,0.0,0.0
0.0,-12.683571789177527,25.350959490935782,0.0,0.0,-6.341785894588764,12.675479745467891,0.0,0,0,0.0,0.0
0.0,-6.83574349888258,34.48681206881658,0.0,0.0,-3.41787174944129,17.24340603440829,0.0,0,0,0.0,0.0
0.0,-36.52140754695174,27.4948240358996,0.0,0.0,-18.26070377347587,13.7474120179498,0.0,0,0,0.0,0.0
0.0,-33.11915178944435,35.83234397336109,0.0,0.0,-16.559575894722176,17.916171986680546,0.0,0,0,0.0,0.0
0.0,-31.511709347936623,35.70659200943535,0.0,0.0,-15.755854673968312,17.853296004717674,0.0,0,0,0.0,0.0
0.0,-1.039957644655118,25.538048013004044,0.0,0.0,-0.519978822327559,12.769024006502022,0.0,0,0,0.0,0.0
0.0,-20.407000809334978,27.566004747324236,0.0,0.0,-10.203500404667489,13.783002373662118,0.0,0,0,0.0,0.0
0.0,-37.315416088299,11.843604144320297,0.0,0.0,-18.6577080441495,5.9218020721601485,0.0,0,0,0.0,0.0
0.0,-37.25742746980656,32.71746854327018,0.0,0.0,-18.62871373490328,16.35873427163509,0.0,0,0,0.0,0.0
0.0,-36.49115337725799,29.979827162543017,0.0,0.0,-18.245576688628994,14.989913581271509,0.0,0,0,0.0,0.0
0.0,-1.531875737766775,9.073403250951747,0.0,0.0,-0.7659378688833876,4.536701625475874,0.0,0,0,0.0,0.0
0.0,-36.66344035928288,6.809148965209537,0.0,0.0,-18.33172017964144,3.4045744826047684,0.0,0,0,0.0,0.0
0.0,-0.26180706603143,30.060703608141434,0.0,0.0,-0.130903533015715,15.030351804070717,0.0,0,0,0.0,0.0
0.0,-20.362984055712857,19.943574776154925,0.0,0.0,-10.181492027856429,9.971787388077463,0.0,0,0,0.0,0.0
0.0,-21.953042082975838,30.353075736903385,0.0,0.0,-10.976521041487919,15.176537868451693,0.0,0,0,0.0,0.0
0.0,-5.5703291367752925,4.542286362657313,0.0,0.0,-2.7851645683876463,2.2711431813286564,0.0,0,0,0.0,0.0
0.0,-6.246734598191452,17.2336005867944,0.0,0.0,-3.123367299095726,8.6168002933972,0.0,0,0,0.0,0.0
0.0,-33.54925770654734,24.35913872096092,0.0,0.0,-16.77462885327367,12.17956936048046,0.0,0,0,0.0,0.0
0.0,-16.455686954247255,25.96054429507229,0.0,0.0,-8.227843477123628,12.980272147536144,0.0,0,0,0.0,0.0
0.0,-15.177483866573844,33.07922610701108,0.0,0.0,-7.588741933286922,16.53961305350554,0.0,0,0,0.0,0.0
0.0,-17.344267436240468,19.39956593820277,0.0,0.0,-8.672133718120234,9.699782969101385,0.0,0,0,0.0,0.0
0.0,-33.00776892853353,33.01740325654378,0.0,0.0,-16.503884464266765,16.50870162827189,0.0,0,0,0.0,0.0
0.0,-38.914055868291875,13.13895394747456,0.0,0.0,-19.457027934145938,6.56947697373728,0.0,0,0,0.0,0.0
0.0,-35.602098968866265,29.71689973683008,0.0,0.0,-17.801049484433133,14.85844986841504,0.0,0,0,0.0,0.0
0.0,-2.5084887612158795,18.647091751833894,0.0,0.0,-1.2542443806079397,9.323545875916947,0.0,0,0,0.0,0.0
0.0,-36.60996994588387,17.861461226154844,0.0,0.0,-18.304984972941934,8.930730613077422,0.0,0,0,0.0,0.0
0.0,-6.199318892851559,19.33950351678503,0.0,0.0,-3.0996594464257794,9.669751758392515,0.0,0,0,0.0,0.0
0.0,-26.52406439524899,38.57948762266605,0.0,0.0,-13.262032197624494,19.289743811333025,0.0,0,0,0.0,0.0
0.0,-28.476719223143732,10.488470926915461,0.0,0.0,-14.238359611571866,5.244235463457731,0.0,0,0,0.0,0.0
0.0,-29.118282778534773,18.259316037282666,0.0,0.0,-14.559141389267387,9.129658018641333,0.0,0,0,0.0,0.0
0.0,-10.150044283380307,16.523727068595832,0.0,0.0,-5.0750221416901535,8.261863534297916,0.0,0,0,0.0,0.0
0.0,-5.05314303151566,37.43173238193904,0.0,0.0,-2.52657151575783,18.71586619096952,0.0,0,0,0.0,0.0
0.0,-22.464569720719915,18.601933494295622,0.0,0.0,-11.232284860359957,9.300966747147811,0.0,0,0,0.0,0.0
0.0,-12.397296349414525,18.42100872710967,0.0,0.0,-6.198648174707262,9.210504363554834,0.0,0,0,0.0,0.0
0.0,-2.5440572383603737,38.74503684086232,0.0,0.0,-1.2720286191801868,19.37251842043116,0.0,0,0,0.0,0.0
0.0,-38.69944193199248,39.60592333298032,0.0,0.0,-19.34972096599624,19.80296166649016,0.0,0,0,0.0,0.0
0.0,-21.229517748898907,39.59397815109472,0.0,0.0,-10.614758874449453,19.79698907554736,0.0,0,0,0.0,0.0
0.0,-12.035872659091332,4.949808937820863,0.0,0.0,-6.017936329545666,2.4749044689104314,0.0,0,0,0.0,0.0
0.0,-22.948351137649276,4.647791377930125,0.0,0.0,-11.474175568824638,2.3238956889650626,0.0,0,0,0.0,0.0
0.0,-20.13142827814329,14.119273374018974,0.0,0.0,-10.065714139071645,7.059636687009487,0.0,0,0,0.0,0.0
0.0,-15.424883408229725,25.36713745762158,0.0,0.0,-7.7124417041148625,12.68356872881079,0.0,0,0,0.0,0.0
0.0,-32.77907106088355,7.075814449767114,0.0,0.0,-16.389535530441776,3.537907224883557,0.0,0,0,0.0,0.0
0.0,-9.28011351803248,5.1699413316059,0.0,0.0,-4.64005675901624,2.58497066580295,0.0,0,0,0.0,0.0
0.0,-3.013681806986682,5.610124759831281,0.0,0.0,-1.506840903493341,2.8050623799156407,0.0,0,0,0.0,0.0
0.0,-2.8577627578826394,23.078829216575443,0.0,0.0,-1.4288813789413197,11.539414608287721,0.0,0,0,0.0,0.0
0.0,-2.641590921086781,29.18843386074732,0.0,0.0,-1.3207954605433905,14.59421693037366,0.0,0,0,0.0,0.0
0.0,-19.978678016686935,35.22548495827358,0.0,0.0,-9.989339008343467,17.61274247913679,0.0,0,0,0.0,0.0
0.0,-39.83272311777296,27.937665490709872,0.0,0.0,-19.91636155888648,13.968832745354936,0.0,0,0,0.0,0.0
0.0,-21.70108404914925,27.463918678177933,0.0,0.0,-10.850542024574626,13.731959339088966,0.0,0,0,0.0,0.0
0.0,-7.742023692613031,9.118495623622138,0.0,0.0,-3.8710118463065153,4.559247811811069,0.0,0,0,0.0,0.0
0.0,-13.209114087461337,31.351898726837092,0.0,0.0,-6.604557043730669,15.675949363418546,0.0,0,0,0.0,0.0
0.0,-39.93240237023261,4.515712154698189,0.0,0.0,-19.966201185116304,2.2578560773490945,0.0,0,0,0.0,0.0
0.0,-9.01110071901823,38.33538625058856,0.0,0.0,-4.505550359509115,19.16769312529428,0.0,0,0,0.0,0.0
0.0,-10.64915053661954,16.693683375009574,0.0,0.0,-5.32457526830977,8.346841687504787,0.0,0,0,0.0,0.0
0.0,-6.563080433606238,17.34731667735339,0.0,0.0,-3.281540216803119,8.673658338676695,0.0,0,0,0.0,0.0
0.0,-26.668720892344865,32.54332815728472,0.0,0.0,-13.334360446172433,16.27166407864236,0.0,0,0,0.0,0.0
0.0,-31.60510659009593,4.422420370724876,0.0,0.0,-15.802553295047964,2.211210185362438,0.0,0,0,0.0,0.0
0.0,-2.490981216975264,23.09456416372022,0.0,0.0,-1.245490608487632,11.54728208186011,0.0,0,0,0.0,0.0
0.0,-18.695510809953046,33.75837521544465,0.0,0.0,-9.347755404976523,16.879187607722326,0.0,0,0,0.0,0.0
0.0,-39.48699617917023,13.433656518558276,0.0,0.0,-19.743498089585113,6.716828259279138,0.0,0,0,0.0,0.0
0.0,-23.021112698255756,33.526430757726175,0.0,0.0,-11.510556349127878,16.763215378863087,0.0,0,0,0.0,0.0
0.0,-14.271495391853716,37.755936196048445,0.0,0.0,-7.135747695926858,18.877968098024223,0.0,0,0,0.0,0.0
0.0,-27.939248885066363,9.409323709161187,0.0,0.0,-13.969624442533181,4.704661854580594,0.0,0,0,0.0,0.0
0.0,-31.02128013991999,18.340139332200085,0.0,0.0,-15.510640069959996,9.170069666100042,0.0,0,0,0.0,0.0
0.0,-11.754628757722175,31.55744578553182,0.0,0.0,-5.8773143788610875,15.77872289276591,0.0,0,0,0.0,0.0
0.0,-10.707549601352472,24.153776850538105,0.0,0.0,-5.353774800676236,12.076888425269052,0.0,0,0,0.0,0.0
0.0,-17.829020379977578,28.61633713672566,0.0,0.0,-8.914510189988789,14.30816856836283,0.0,0,0,0.0,0.0
0.0,-12.474271443654025,23.157878637530644,0.0,0.0,-6.237135721827013,11.578939318765322,0.0,0,0,0.0,0.0
0.0,-21.799312116960525,19.550368453520814,0.0,0.0,-10.899656058480263,9.775184226760407,0.0,0,0,0.0,0.0
0.0,-3.035710183180342,13.2180888261061,0.0,0.0,-1.517855091590171,6.60904441305305,0.0,0,0,0.0,0.0
0.0,-11.285961109594105,10.406004757668496,0.0,0.0,-5.642980554797052,5.203002378834248,0.0,0,0,0.0,0.0
0.0,-1.647386685080164,27.85902770689435,0.0,0.0,-0.823693342540082,13.929513853447174,0.0,0,0,0.0,0.0
0.0,-9.309485065943615,36.85789245388988,0.0,0.0,-4.654742532971808,18.42894622694494,0.0,0,0,0.0,0.0
0.0,-6.547604242187617,34.94874101907021,0.0,0.0,-3.2738021210938086,17.474370509535106,0.0,0,0,0.0,0.0
0.0,-4.637721664732126,22.308887089582573,0.0,0.0,-2.318860832366063,11.154443544791286,0.0,0,0,0.0,0.0
0.0,-13.890884883618073,13.352394053884554,0.0,0.0,-6.945442441809036,6.676197026942277,0.0,0,0,0.0,0.0
0.0,-4.037324107400521,7.047496971126769,0.0,0.0,-2.0186620537002606,3.5237484855633845,0.0,0,0,0.0,0.0
0.0,-38.340792627514936,32.904727171975,0.0,0.0,-19.170396313757468,16.4523635859875,0.0,0,0,0.0,0.0
0.0,-33.843117286055715,38.27584582781605,0.0,0.0,-16.921558643027858,19.137922913908024,0.0,0,0,0.0,0.0
0.0,-18.193327234838485,14.89596999598135,0.0,0.0,-9.096663617419242,7.447984997990675,0.0,0,0,0.0,0.0
0.0,-38.86249521224181,9.423452355024805,0.0,0.0,-19.431247606120905,4.711726177512403,0.0,0,0,0.0,0.0
0.0,-8.9238163214346,25.89430219384028,0.0,0.0,-4.4619081607173,12.94715109692014,0.0,0,0,0.0,0.0
0.0,-29.530204283276685,13.649465029018812,0.0,0.0,-14.765102141638343,6.824732514509406,0.0,0,0,0.0,0.0
0.0,-5.591353353293044,15.157850507651949,0.0,0.0,-2.795676676646522,7.578925253825974,0.0,0,0,0.0,0.0
0.0,-30.480243588223086,6.711311492014338,0.0,0.0,-15.240121794111543,3.355655746007169,0.0,0,0,0.0,0.0
0.0,-28.708003710799286,22.780875114557404,0.0,0.0,-14.354001855399643,11.390437557278702,0.0,0,0,0.0,0.0
0.0,-35.75362240045561,34.752575515270806,0.0,0.0,-17.876811200227806,17.376287757635403,0.0,0,0,0.0,0.0
0.0,-3.197947278339541,18.902041105063592,0.0,0.0,-1.5989736391697704,9.451020552531796,0.0,0,0,0.0,0.0
0.0,-33.51494368580429,22.298821465808693,0.0,0.0,-16.757471842902145,11.149410732904347,0.0,0,0,0.0,0.0
0.0,-22.560842546322274,28.681479518725872,0.0,0.0,-11.280421273161137,14.340739759362936,0.0,0,0,0.0,0.0
0.0,-2.0187484219724467,6.838118488355385,0.0,0.0,-1.0093742109862234,3.4190592441776926,0.0,0,0,0.0,0.0
0.0,-2.211892577622976,8.492254595448657,0.0,0.0,-1.105946288811488,4.246127297724328,0.0,0,0,0.0,0.0
0.0,-21.471536317932745,38.37298750447646,0.0,0.0,-10.735768158966373,19.18649375223823,0.0,0,0,0.0,0.0
0.0,-36.55045092831311,23.95718056107966,0.0,0.0,-18.275225464156556,11.97859028053983,0.0,0,0,0.0,0.0
0.0,-30.26832824395038,33.526398920087665,0.0,0.0,-15.13416412197519,16.763199460043833,0.0,0,0,0.0,0.0
0.0,-20.525232182250726,27.308497250021624,0.0,0.0,-10.262616091125363,13.654248625010812,0.0,0,0,0.0,0.0
0.0,-14.030522691429056,21.808631260554243,0.0,0.0,-7.015261345714528,10.904315630277122,0.0,0,0,0.0,0.0
0.0,-27.3929432267986,18.62791927021531,0.0,0.0,-13.6964716133993,9.313959635107654,0.0,0,0,0.0,0.0
0.0,-11.818596968736465,5.111503112336076,0.0,0.0,-5.909298484368232,2.555751556168038,0.0,0,0,0.0,0.0
0.0,-26.534137551542358,24.464585975256213,0.0,0.0,-13.267068775771179,12.232292987628107,0.0,0,0,0.0,0.0
0.0,-25.58280629058931,24.13350773650299,0.0,0.0,-12.791403145294655,12.066753868251496,0.0,0,0,0.0,0.0
0.0,-20.483568058753225,14.092553210638279,0.0,0.0,-10.241784029376612,7.0462766053191395,0.0,0,0,0.0,0.0
0.0,-4.077094821739571,12.631692587891575,0.0,0.0,-2.0385474108697856,6.315846293945787,0.0,0,0,0.0,0.0
0.0,-34.35262861389416,19.538859061095682,0.0,0.0,-17.17631430694708,9.769429530547841,0.0,0,0,0.0,0.0
0.0,-32.94312447558162,10.301932765653753,0.0,0.0,-16.47156223779081,5.150966382826876,0.0,0,0,0.0,0.0
0.0,-3.8968623032668286,28.26706905214172,0.0,0.0,-1.9484311516334143,14.13353452607086,0.0,0,0,0.0,0.0
0.0,-22.464581580066216,36.722549978842686,0.0,0.0,-11.232290790033108,18.361274989421343,0.0,0,0,0.0,0.0
0.0,-9.771478507960737,12.790347117832717,0.0,0.0,-4.885739253980368,6.395173558916358,0.0,0,0,0.0,0.0
0.0,-17.511476627505687,19.957075201309138,0.0,0.0,-8.755738313752843,9.978537600654569,0.0,0,0,0.0,0.0
0.0,-4.521200528151141,8.435718688237651,0.0,0.0,-2.2606002640755705,4.217859344118826,0.0,0,0,0.0,0.0
0.0,-28.068919178194925,11.88098561346817,0.0,0.0,-14.034459589097462,5.940492806734085,0.0,0,0,0.0,0.0
0.0,-34.09411616290369,39.42464081993907,0.0,0.0,-17.047058081451844,19.712320409969536,0.0,0,0,0.0,0.0
0.0,-2.218758201682732,20.729509851168437,0.0,0.0,-1.109379100841366,10.364754925584219,0.0,0,0,0.0,0.0
0.0,-10.052770331552754,6.016458133513611,0.0,0.0,-5.026385165776377,3.0082290667568055,0.0,0,0,0.0,0.0
0.0,-24.731402050806743,24.37011063918416,0.0,0.0,-12.365701025403371,12.18505531959208,0.0,0,0,0.0,0.0
0.0,-25.94704969871005,11.830637520957705,0.0,0.0,-12.973524849355025,5.915318760478852,0.0,0,0,0.0,0.0
0.0,-33.928880096938435,4.3242648104210515,0.0,0.0,-16.964440048469218,2.1621324052105257,0.0,0,0,0.0,0.0
0.0,-38.79606462625206,19.43901108821945,0.0,0.0,-19.39803231312603,9.719505544109724,0.0,0,0,0.0,0.0
0.0,-39.64524327154748,5.698746258386558,0.0,0.0,-19.82262163577374,2.849373129193279,0.0,0,0,0.0,0.0
0.0,-30.802774997606566,12.377528575672343,0.0,0.0,-15.401387498803283,6.188764287836172,0.0,0,0,0.0,0.0
0.0,-28.11076839750061,26.06745284746495,0.0,0.0,-14.055384198750305,13.033726423732475,0.0,0,0,0.0,0.0
0.0,-32.42382817492795,18.768145032293813,0.0,0.0,-16.211914087463974,9.384072516146906,0.0,0,0,0.0,0.0
0.0,-7.483292669698187,12.763373419893744,0.0,0.0,-3.7416463348490936,6.381686709946872,0.0,0,0,0.0,0.0
0.0,-9.705744125056821,19.393163785359768,0.0,0.0,-4.8528720625284105,9.696581892679884,0.0,0,0,0.0,0.0
0.0,-25.719432403711075,6.942195466988368,0.0,0.0,-12.859716201855537,3.471097733494184,0.0,0,0,0.0,0.0
0.0,-35.77027949386388,37.226791362762995,0.0,0.0,-17.88513974693194,18.613395681381498,0.0,0,0,0.0,0.0
0.0,-37.15434010542504,38.01101874902577,0.0,0.0,-18.57717005271252,19.005509374512886,0.0,0,0,0.0,0.0
0.0,-31.416793604977702,6.0882343266701495,0.0,0.0,-15.708396802488851,3.0441171633350748,0.0,0,0,0.0,0.0
0.0,-16.465736844219172,9.793268923747496,0.0,0.0,-8.232868422109586,4.896634461873748,0.0,0,0,0.0,0.0
0.0,-17.04845863176651,36.8031067174235,0.0,0.0,-8.524229315883256,18.40155335871175,0.0,0,0,0.0,0.0
0.0,-21.024740906329917,32.57178672303461,0.0,0.0,-10.512370453164959,16.285893361517306,0.0,0,0,0.0,0.0
0.0,-21.74011633022502,7.871673393912012,0.0,0.0,-10.87005816511251,3.935836696956006,0.0,0,0,0.0,0.0
0.0,-33.52039786385116,36.99710941741037,0.0,0.0,-16.76019893192558,18.498554708705186,0.0,0,0,0.0,0.0
0.0,-32.37241825446053,21.144628976684505,0.0,0.0,-16.186209127230264,10.572314488342252,0.0,0,0,0.0,0.0
0.0,-24.506865204868102,13.189672933204127,0.0,0.0,-12.253432602434051,6.594836466602064,0.0,0,0,0.0,0.0
0.0,-8.957731985913973,22.711207220476293,0.0,0.0,-4.478865992956987,11.355603610238147,0.0,0,0,0.0,0.0
0.0,-5.5793492312988775,13.556458322398212,0.0,0.0,-2.7896746156494387,6.778229161199106,0.0,0,0,0.0,0.0
0.0,-5.848419881021556,20.509861513410296,0.0,0.0,-2.924209940510778,10.254930756705148,0.0,0,0,0.0,0.0
0.0,-20.208970832055403,25.469028522056114,0.0,0.0,-10.104485416027702,12.734514261028057,0.0,0,0,0.0,0.0
0.0,-5.634498198409361,26.58555891360138,0.0,0.0,-2.8172490992046804,13.29277945680069,0.0,0,0,0.0,0.0
0.0,-2.8008975045650075,28.561700098713526,0.0,0.0,-1.4004487522825038,14.280850049356763,0.0,0,0,0.0,0.0
0.0,-4.86451553199106,24.336768833004946,0.0,0.0,-2.43225776599553,12.168384416502473,0.0,0,0,0.0,0.0
0.0,-18.673948576722708,17.419761882603645,0.0,0.0,-9.336974288361354,8.709880941301822,0.0,0,0,0.0,0.0
0.0,-2.124532966044953,5.169531049619511,0.0,0.0,-1.0622664830224764,2.5847655248097556,0.0,0,0,0.0,0.0
0.0,-26.096977380583617,15.818816412325264,0.0,0.0,-13.048488690291808,7.909408206162632,0.0,0,0,0.0,0.0
0.0,-27.59560709268863,30.414766366855265,0.0,0.0,-13.797803546344316,15.207383183427632,0.0,0,0,0.0,0.0
0.0,-32.34989850586923,25.654984608835274,0.0,0.0,-16.174949252934613,12.827492304417637,0.0,0,0,0.0,0.0
0.0,-21.58156584989227,8.617179602578432,0.0,0.0,-10.790782924946136,4.308589801289216,0.0,0,0,0.0,0.0
0.0,-33.85811550624028,20.33670011056932,0.0,0.0,-16.92905775312014,10.16835005528466,0.0,0,0,0.0,0.0
0.0,-39.03862184863202,20.827835256565766,0.0,0.0,-19.51931092431601,10.413917628282883,0.0,0,0,0.0,0.0
0.0,-20.4290117455258,23.251103665816085,0.0,0.0,-10.2145058727629,11.625551832908043,0.0,0,0,0.0,0.0
0.0,-11.84221974190065,4.525457741395094,0.0,0.0,-5.921109870950325,2.262728870697547,0.0,0,0,0.0,0.0
0.0,-37.442095984702995,15.289038469829277,0.0,0.0,-18.721047992351497,7.644519234914639,0.0,0,0,0.0,0.0
0.0,-7.4703500258276,30.678055648510057,0.0,0.0,-3.7351750129138,15.339027824255028,0.0,0,0,0.0,0.0
0.0,-18.92330816745764,17.053540444038706,0.0,0.0,-9.46165408372882,8.526770222019353,0.0,0,0,0.0,0.0
0.0,-26.44549329469355,34.44914000505546,0.0,0.0,-13.222746647346774,17.22457000252773,0.0,0,0,0.0,0.0
0.0,-8.46954501772407,13.802092918629217,0.0,0.0,-4.234772508862035,6.901046459314609,0.0,0,0,0.0,0.0
0.0,-9.657009033265728,22.065290018135414,0.0,0.0,-4.828504516632864,11.032645009067707,0.0,0,0,0.0,0.0
0.0,-12.154741105812882,13.660418184437393,0.0,0.0,-6.077370552906441,6.830209092218697,0.0,0,0,0.0,0.0
0.0,-3.978050107431208,21.629214054056575,0.0,0.0,-1.989025053715604,10.814607027028288,0.0,0,0,0.0,0.0
0.0,-24.85759287543866,26.859811550087528,0.0,0.0,-12.42879643771933,13.429905775043764,0.0,0,0,0.0,0.0
0.0,-18.6686194436337,34.97943597645777,0.0,0.0,-9.33430972181685,17.489717988228886,0.0,0,0,0.0,0.0
0.0,-34.099133539205916,33.24872394807191,0.0,0.0,-17.049566769602958,16.624361974035956,0.0,0,0,0.0,0.0
0.0,-29.6893695245268,11.279102746547219,0.0,0.0,-14.8446847622634,5.639551373273609,0.0,0,0,0.0,0.0
0.0,-28.083595462440716,35.566818295042275,0.0,0.0,-14.041797731220358,17.783409147521137,0.0,0,0,0.0,0.0
0.0,-0.6301093468259324,18.517016459239503,0.0,0.0,-0.3150546734129662,9.258508229619752,0.0,0,0,0.0,0.0
0.0,-38.251273205183345,10.538428749439017,0.0,0.0,-19.125636602591673,5.269214374719509,0.0,0,0,0.0,0.0
0.0,-37.21239743954469,18.085010074298495,0.0,0.0,-18.606198719772344,9.042505037149247,0.0,0,0,0.0,0.0
0.0,-39.24599850406118,34.89607308902007,0.0,0.0,-19.62299925203059,17.448036544510035,0.0,0,0,0.0,0.0
0.0,-5.976599968289875,8.22572035838498,0.0,0.0,-2.9882999841449376,4.11286017919249,0.0,0,0,0.0,0.0
0.0,-11.23817245425816,29.27418655795349,0.0,0.0,-5.61908622712908,14.637093278976746,0.0,0,0,0.0,0.0
0.0,-30.07992699169577,21.36173970785384,0.0,0.0,-15.039963495847886,10.68086985392692,0.0,0,0,0.0,0.0
0.0,-29.57732452393365,9.483859984441263,0.0,0.0,-14.788662261966826,4.741929992220632,0.0,0,0,0.0,0.0
0.0,-7.328303844589782,17.57949441049834,0.0,0.0,-3.664151922294891,8.78974720524917,0.0,0,0,0.0,0.0
0.0,-33.06795301033656,35.879413157054664,0.0,0.0,-16.53397650516828,17.939706578527332,0.0,0,0,0.0,0.0
0.0,-22.062833775025027,31.855637365177273,0.0,0.0,-11.031416887512513,15.927818682588637,0.0,0,0,0.0,0.0
0.0,-26.870832034941866,8.271505642209817,0.0,0.0,-13.435416017470933,4.135752821104909,0.0,0,0,0.0,0.0
0.0,-1.3479044025893288,20.786242925452434,0.0,0.0,-0.6739522012946644,10.393121462726217,0.0,0,0,0.0,0.0
0.0,-3.6824604262402048,38.43958798228706,0.0,0.0,-1.8412302131201024,19.21979399114353,0.0,0,0,0.0,0.0
0.0,-22.97679557262819,33.29496427968233,0.0,0.0,-11.488397786314096,16.647482139841166,0.0,0,0,0.0,0.0
0.0,-11.129003294179025,4.872178188218721,0.0,0.0,-5.564501647089513,2.4360890941093607,0.0,0,0,0.0,0.0
0.0,-37.10528538736317,21.67272155082384,0.0,0.0,-18.552642693681584,10.83636077541192,0.0,0,0,0.0,0.0
0.0,-31.352438617788692,34.72078898362867,0.0,0.0,-15.676219308894346,17.360394491814336,0.0,0,0,0.0,0.0
0.0,-25.944603565892553,8.869748182906825,0.0,0.0,-12.972301782946277,4.434874091453413,0.0,0,0,0.0,0.0
0.0,-20.397103628442153,13.112100983242026,0.0,0.0,-10.198551814221076,6.556050491621013,0.0,0,0,0.0,0.0
0.0,-20.692443919018668,38.19825115209627,0.0,0.0,-10.346221959509334,19.099125576048134,0.0,0,0,0.0,0.0
0.0,-25.28924433573679,11.345912410031174,0.0,0.0,-12.644622167868395,5.672956205015587,0.0,0,0,0.0,0.0
0.0,-1.8269852313916033,4.556240886665009,0.0,0.0,-0.9134926156958016,2.2781204433325044,0.0,0,0,0.0,0.0
0.0,-2.3295677137659183,22.998663836897567,0.0,0.0,-1.1647838568829592,11.499331918448783,0.0,0,0,0.0,0.0
0.0,-26.547195917865313,38.140820313268144,0.0,0.0,-13.273597958932656,19.070410156634072,0.0,0,0,0.0,0.0
0.0,-28.1105606587592,28.695912793224597,0.0,0.0,-14.0552803293796,14.347956396612298,0.0,0,0,0.0,0.0
0.0,-37.128445149803404,10.951155942391146,0.0,0.0,-18.564222574901702,5.475577971195573,0.0,0,0,0.0,0.0
0.0,-28.58835997581366,22.343614645905255,0.0,0.0,-14.29417998790683,11.171807322952628,0.0,0,0,0.0,0.0
0.0,-2.600482502593536,7.493724800023406,0.0,0.0,-1.300241251296768,3.746862400011703,0.0,0,0,0.0,0.0
0.0,-23.485161128032853,11.405181634171466,0.0,0.0,-11.742580564016427,5.702590817085733,0.0,0,0,0.0,0.0
0.0,-17.361615128098894,39.44180380515576,0.0,0.0,-8.680807564049447,19.72090190257788,0.0,0,0,0.0,0.0
0.0,-11.720853308638588,23.010640601241278,0.0,0.0,-5.860426654319294,11.505320300620639,0.0,0,0,0.0,0.0
0.0,-20.95379869582439,12.58382286867684,0.0,0.0,-10.476899347912195,6.29191143433842,0.0,0,0,0.0,0.0
0.0,-17.142380879859065,11.820593833300125,0.0,0.0,-8.571190439929532,5.910296916650062,0.0,0,0,0.0,0.0
0.0,-2.0638486770501245,16.273681170896158,0.0,0.0,-1.0319243385250623,8.136840585448079,0.0,0,0,0.0,0.0
0.0,-18.880941854699746,25.97518512316882,0.0,0.0,-9.440470927349873,12.98759256158441,0.0,0,0,0.0,0.0
0.0,-2.7048580449984954,23.273731942996363,0.0,0.0,-1.3524290224992477,11.636865971498182,0.0,0,0,0.0,0.0
0.0,-23.898321617137412,14.264657332572764,0.0,0.0,-11.949160808568706,7.132328666286382,0.0,0,0,0.0,0.0
0.0,-21.030144752866416,23.428641855912087,0.0,0.0,-10.515072376433208,11.714320927956043,0.0,0,0,0.0,0.0
0.0,-29.46270876932153,4.137299123116563,0.0,0.0,-14.731354384660765,2.0686495615582814,0.0,0,0,0.0,0.0
0.0,-13.142694257696208,4.740002852758714,0.0,0.0,-6.571347128848104,2.370001426379357,0.0,0,0,0.0,0.0
0.0,-28.41001113324659,31.209651686742593,0.0,0.0,-14.205005566623296,15.604825843371296,0.0,0,0,0.0,0.0
0.0,-25.871921946490232,18.231371788854837,0.0,0.0,-12.935960973245116,9.115685894427418,0.0,0,0,0.0,0.0
0.0,-33.80214164001086,9.95184933736153,0.0,0.0,-16.90107082000543,4.975924668680765,0.0,0,0,0.0,0.0
0.0,-19.783014526600574,9.795054024519356,0.0,0.0,-9.891507263300287,4.897527012259678,0.0,0,0,0.0,0.0
0.0,-33.97612853815615,39.07027082633402,0.0,0.0,-16.988064269078077,19.53513541316701,0.0,0,0,0.0,0.0
0.0,-38.83258267304952,11.323519655305036,0.0,0.0,-19.41629133652476,5.661759827652518,0.0,0,0,0.0,0.0
0.0,-27.28595618756752,38.079997985062,0.0,0.0,-13.64297809378376,19.039998992531,0.0,0,0,0.0,0.0
0.0,-9.764322423040039,35.43155251812496,0.0,0.0,-4.882161211520019,17.71577625906248,0.0,0,0,0.0,0.0
0.0,-28.588678276167997,5.551129599822646,0.0,0.0,-14.294339138083998,2.775564799911323,0.0,0,0,0.0,0.0
0.0,-4.8265545003857255,16.788354607420704,0.0,0.0,-2.4132772501928628,8.394177303710352,0.0,0,0,0.0,0.0
0.0,-9.294838359925524,30.895983020423994,0.0,0.0,-4.647419179962762,15.447991510211997,0.0,0,0,0.0,0.0
0.0,-33.911661833124164,26.363037462342778,0.0,0.0,-16.955830916562082,13.181518731171389,0.0,0,0,0.0,0.0
