boundary_patch_id,reward,penalty
1,0.0,-0.0
2,0.0,-0.0
3,0.0,-0.0
4,0.0,-0.0
5,0.0,-0.0
6,0.0,-0.0
7,0.0,-0.0
8,0.0,-0.0
9,0.0,-0.0
10,0.0,-0.0
11,0.0,-0.0
12,0.0,-0.0
13,0.0,-0.0
14,0.0,-0.0
15,0.0,-0.0
16,0.0,-0.0
17,0.006192720867633119,-0.006192720867633119
18,0.0,-0.0
19,0.0014432500476291217,-0.0014432500476291217
20,0.0,-0.0
21,0.008246441841628203,-0.008246441841628203
22,0.013235519285995636,-0.013235519285995636
23,0.0,-0.0
24,0.0037589019705015023,-0.0037589019705015023
25,0.00621247380398308,-0.00621247380398308
26,0.0023203271740794723,-0.0023203271740794723
27,0.0,-0.0
28,0.0,-0.0
29,0.0019439694519086128,-0.0019439694519086128
30,0.002469233925025334,-0.002469233925025334
31,0.008706837204246531,-0.008706837204246531
32,0.019509121999511436,-0.019509121999511436
33,0.21260868498040486,-0.21260868498040486
34,0.0,-0.0
35,0.03628462461823652,-0.03628462461823652
36,0.0,-0.0
37,0.0018955806019152167,-0.0018955806019152167
38,0.004761275829301903,-0.004761275829301903
39,0.0,-0.0
40,0.0,-0.0
41,0.0006493923926649983,-0.0006493923926649983
42,0.03797472792960007,-0.03797472792960007
43,0.024264553764804474,-0.024264553764804474
44,0.15308759433780325,-0.15308759433780325
45,0.0,-0.0
46,0.0010382564118148272,-0.0010382564118148272
47,0.0,-0.0
48,0.014896752921155394,-0.014896752921155394
49,0.0,-0.0
50,4.207726086382279e-05,-4.207726086382279e-05
51,0.0,-0.0
52,0.0,-0.0
53,0.0,-0.0
54,0.03483015396771038,-0.03483015396771038
55,0.0,-0.0
56,0.0,-0.0
57,0.0,-0.0
58,0.0,-0.0
59,0.0,-0.0
60,0.0,-0.0
61,3.599943429460394e-05,-3.599943429460394e-05
62,0.0,-0.0
63,0.0,-0.0
64,0.0,-0.0
65,0.0,-0.0
66,0.3703179988989783,-0.3703179988989783
67,0.0,-0.0
68,0.0,-0.0
69,0.0,-0.0
70,0.0,-0.0
71,0.0,-0.0
72,0.0004600447187777958,-0.0004600447187777958
73,0.0,-0.0
74,0.00027770992170123043,-0.00027770992170123043
75,0.0,-0.0
76,0.0,-0.0
77,0.0,-0.0
78,0.0,-0.0
79,0.0,-0.0
80,0.0,-0.0
81,0.0012034096607053317,-0.0012034096607053317
82,0.0,-0.0
83,0.0,-0.0
84,0.0,-0.0
85,0.0,-0.0
86,0.0,-0.0
87,0.0,-0.0
88,0.0,-0.0
89,0.0,-0.0
90,0.0,-0.0
91,0.0,-0.0
92,0.0,-0.0
93,0.0,-0.0
94,0.0,-0.0
95,0.0,-0.0
96,0.0,-0.0
97,0.0,-0.0
98,0.0,-0.0
99,0.0,-0.0
100,0.0,-0.0
101,0.0,-0.0
102,0.0,-0.0
103,0.0,-0.0
104,0.0,-0.0
105,0.0,-0.0
106,0.0,-0.0
107,0.0,-0.0
108,0.0,-0.0
109,0.0,-0.0
110,0.0,-0.0
111,0.0,-0.0
112,0.0,-0.0
113,0.0,-0.0
114,0.0,-0.0
115,0.0,-0.0
116,0.0,-0.0
117,0.0,-0.0
118,0.0,-0.0
119,0.0,-0.0
120,0.0,-0.0
121,0.0,-0.0
122,0.0,-0.0
123,4.207726086382279e-05,-4.207726086382279e-05
124,0.0,-0.0
125,0.0,-0.0
126,0.0,-0.0
127,0.0,-0.0
128,0.0,-0.0
129,0.0,-0.0
130,0.0005645365832562891,-0.0005645365832562891
131,0.0,-0.0
132,0.0,-0.0
133,0.0,-0.0
134,0.0,-0.0
135,0.17562733105103154,-0.17562733105103154
136,0.0,-0.0
137,0.0,-0.0
138,0.0,-0.0
139,0.09642039391329045,-0.09642039391329045
140,9.677769998679242e-05,-9.677769998679242e-05
141,0.00011033592848735753,-0.00011033592848735753
142,0.0,-0.0
143,0.0,-0.0
144,0.0,-0.0
145,0.0,-0.0
146,0.0,-0.0
147,0.0,-0.0
148,0.5,-0.5
149,5.283033864013306e-05,-5.283033864013306e-05
150,0.0,-0.0
151,0.0,-0.0
152,0.0,-0.0
153,0.0,-0.0
154,0.0,-0.0
155,0.0,-0.0
156,0.0,-0.0
157,0.0,-0.0
158,0.0,-0.0
159,0.0,-0.0
160,0.0,-0.0
161,0.0,-0.0
162,0.001308252169024357,-0.001308252169024357
163,0.0,-0.0
164,0.0,-0.0
165,0.0,-0.0
166,0.0,-0.0
167,0.0,-0.0
168,0.0,-0.0
169,0.012547205427031602,-0.012547205427031602
170,0.000919388149874528,-0.000919388149874528
171,7.573906955488102e-05,-7.573906955488102e-05
172,0.0,-0.0
173,0.0,-0.0
174,0.0,-0.0
175,0.0,-0.0
176,0.0,-0.0
177,0.0,-0.0
178,0.0,-0.0
179,0.0,-0.0
180,0.0,-0.0
181,0.0,-0.0
182,0.0,-0.0
183,0.0,-0.0
184,0.0,-0.0
185,0.0,-0.0
186,0.0,-0.0
187,0.0,-0.0
188,0.0,-0.0
189,0.0,-0.0
190,0.0,-0.0
191,0.0,-0.0
192,0.0,-0.0
193,0.0,-0.0
194,0.0,-0.0
195,0.0,-0.0
196,0.0,-0.0
197,0.0,-0.0
198,0.0008189871302022397,-0.0008189871302022397
199,0.014489655422297909,-0.014489655422297909
200,0.0,-0.0
201,0.0,-0.0
202,0.0,-0.0
203,0.0,-0.0
204,0.0,-0.0
205,0.0,-0.0
206,0.0,-0.0
207,0.0,-0.0
208,0.0,-0.0
209,0.0,-0.0
210,0.0,-0.0
211,0.0,-0.0
212,0.0,-0.0
213,0.0,-0.0
214,0.0,-0.0
215,0.0,-0.0
216,0.0,-0.0
217,0.0,-0.0
218,0.0,-0.0
219,0.0,-0.0
220,0.0,-0.0
221,0.0,-0.0
222,0.013304829885140765,-0.013304829885140765
223,0.0,-0.0
224,0.0,-0.0
225,0.0,-0.0
226,0.0,-0.0
227,0.0,-0.0
228,0.0,-0.0
229,0.0,-0.0
230,0.0,-0.0
231,0.0,-0.0
232,0.050675749121344975,-0.050675749121344975
233,0.0,-0.0
234,0.0,-0.0
235,0.0,-0.0
236,0.0,-0.0
237,0.0,-0.0
238,0.0,-0.0
239,0.0,-0.0
240,0.0010977489834250657,-0.0010977489834250657
241,0.0005981983919473473,-0.0005981983919473473
242,0.0,-0.0
243,0.0,-0.0
244,0.0,-0.0
245,0.0,-0.0
246,0.0,-0.0
247,0.0,-0.0
248,0.0,-0.0
249,0.0,-0.0
250,0.0,-0.0
251,0.0,-0.0
252,0.0,-0.0
253,0.0,-0.0
254,0.0,-0.0
255,0.0,-0.0
256,0.0,-0.0
257,0.0,-0.0
258,0.0,-0.0
259,0.0,-0.0
260,0.0,-0.0
261,0.0,-0.0
262,0.0,-0.0
263,0.0,-0.0
264,0.0,-0.0
265,0.0,-0.0
266,0.0,-0.0
267,0.0,-0.0
268,0.0,-0.0
269,0.0,-0.0
270,0.0,-0.0
271,0.0,-0.0
272,0.0,-0.0
273,0.0,-0.0
274,0.0,-0.0
275,0.0,-0.0
276,0.0,-0.0
277,0.0,-0.0
278,0.0,-0.0
279,0.0,-0.0
280,0.0,-0.0
281,0.0,-0.0
282,0.0,-0.0
283,0.0,-0.0
284,0.0,-0.0
285,0.0,-0.0
286,0.0,-0.0
287,0.0,-0.0
288,0.0,-0.0
289,0.0,-0.0
290,0.0,-0.0
